start_Time_IST,start_Time,open,high,low,close,volume
2026-05-18 09:15:00+05:30,2026-05-18 09:15:00+05:30,23482.2,23494.6,23400.95,23404.85,6923599.0
2026-05-18 09:16:00+05:30,2026-05-18 09:16:00+05:30,23403.0,23407.25,23375.6,23391.35,5251357.0
2026-05-18 09:17:00+05:30,2026-05-18 09:17:00+05:30,23391.2,23391.2,23371.8,23384.7,4005481.0
2026-05-18 09:18:00+05:30,2026-05-18 09:18:00+05:30,23383.85,23400.9,23383.25,23397.95,3399681.0
2026-05-18 09:19:00+05:30,2026-05-18 09:19:00+05:30,23398.55,23408.85,23389.75,23400.5,2680144.0
2026-05-18 09:20:00+05:30,2026-05-18 09:20:00+05:30,23399.5,23405.6,23383.35,23396.5,2611842.0
2026-05-18 09:21:00+05:30,2026-05-18 09:21:00+05:30,23396.85,23412.5,23393.35,23401.65,2977899.0
2026-05-18 09:22:00+05:30,2026-05-18 09:22:00+05:30,23400.95,23406.8,23387.0,23388.15,1962892.0
2026-05-18 09:23:00+05:30,2026-05-18 09:23:00+05:30,23389.15,23413.35,23387.9,23408.5,2751047.0
2026-05-18 09:24:00+05:30,2026-05-18 09:24:00+05:30,23408.8,23411.05,23399.65,23401.5,1522193.0
2026-05-18 09:25:00+05:30,2026-05-18 09:25:00+05:30,23402.4,23405.45,23396.1,23399.8,1059889.0
2026-05-18 09:26:00+05:30,2026-05-18 09:26:00+05:30,23400.65,23401.95,23382.7,23390.95,1595558.0
2026-05-18 09:27:00+05:30,2026-05-18 09:27:00+05:30,23391.35,23398.15,23385.65,23388.05,1578707.0
2026-05-18 09:28:00+05:30,2026-05-18 09:28:00+05:30,23388.9,23389.0,23375.45,23375.9,1508183.0
2026-05-18 09:29:00+05:30,2026-05-18 09:29:00+05:30,23376.0,23378.0,23363.05,23373.1,1672618.0
2026-05-18 09:30:00+05:30,2026-05-18 09:30:00+05:30,23373.15,23382.7,23370.3,23376.4,1489683.0
2026-05-18 09:31:00+05:30,2026-05-18 09:31:00+05:30,23375.95,23378.6,23361.6,23363.4,1764348.0
2026-05-18 09:32:00+05:30,2026-05-18 09:32:00+05:30,23362.85,23378.15,23359.65,23377.45,1719874.0
2026-05-18 09:33:00+05:30,2026-05-18 09:33:00+05:30,23377.45,23394.95,23376.1,23385.45,1381457.0
2026-05-18 09:34:00+05:30,2026-05-18 09:34:00+05:30,23384.95,23390.5,23376.6,23388.2,1056142.0
2026-05-18 09:35:00+05:30,2026-05-18 09:35:00+05:30,23387.9,23394.8,23377.55,23378.95,1255593.0
2026-05-18 09:36:00+05:30,2026-05-18 09:36:00+05:30,23378.4,23388.8,23367.55,23387.2,913981.0
2026-05-18 09:37:00+05:30,2026-05-18 09:37:00+05:30,23387.15,23388.1,23367.35,23367.35,889416.0
2026-05-18 09:38:00+05:30,2026-05-18 09:38:00+05:30,23368.45,23369.55,23355.4,23356.55,1501756.0
2026-05-18 09:39:00+05:30,2026-05-18 09:39:00+05:30,23356.1,23359.25,23347.35,23358.4,1318025.0
2026-05-18 09:40:00+05:30,2026-05-18 09:40:00+05:30,23358.5,23365.55,23356.65,23363.75,2136217.0
2026-05-18 09:41:00+05:30,2026-05-18 09:41:00+05:30,23363.85,23365.05,23353.65,23353.8,948169.0
2026-05-18 09:42:00+05:30,2026-05-18 09:42:00+05:30,23353.35,23376.6,23349.7,23374.3,1523213.0
2026-05-18 09:43:00+05:30,2026-05-18 09:43:00+05:30,23373.5,23380.3,23369.65,23377.8,709591.0
2026-05-18 09:44:00+05:30,2026-05-18 09:44:00+05:30,23378.65,23383.5,23369.3,23371.05,1185679.0
2026-05-18 09:45:00+05:30,2026-05-18 09:45:00+05:30,23370.75,23371.6,23358.2,23367.4,908196.0
2026-05-18 09:46:00+05:30,2026-05-18 09:46:00+05:30,23367.15,23372.2,23364.05,23365.9,1175025.0
2026-05-18 09:47:00+05:30,2026-05-18 09:47:00+05:30,23365.75,23367.35,23354.35,23356.55,918954.0
2026-05-18 09:48:00+05:30,2026-05-18 09:48:00+05:30,23356.2,23356.2,23343.05,23347.5,1370874.0
2026-05-18 09:49:00+05:30,2026-05-18 09:49:00+05:30,23348.05,23349.9,23341.25,23342.4,1102963.0
2026-05-18 09:50:00+05:30,2026-05-18 09:50:00+05:30,23342.6,23345.1,23331.8,23334.05,1468966.0
2026-05-18 09:51:00+05:30,2026-05-18 09:51:00+05:30,23333.9,23342.45,23330.2,23339.45,1012459.0
2026-05-18 09:52:00+05:30,2026-05-18 09:52:00+05:30,23339.3,23342.9,23333.5,23333.5,959327.0
2026-05-18 09:53:00+05:30,2026-05-18 09:53:00+05:30,23332.75,23333.55,23324.55,23325.0,1343211.0
2026-05-18 09:54:00+05:30,2026-05-18 09:54:00+05:30,23324.8,23327.1,23322.3,23325.05,875094.0
2026-05-18 09:55:00+05:30,2026-05-18 09:55:00+05:30,23325.35,23331.35,23318.85,23331.35,931079.0
2026-05-18 09:56:00+05:30,2026-05-18 09:56:00+05:30,23330.75,23334.7,23327.6,23328.4,1040133.0
2026-05-18 09:57:00+05:30,2026-05-18 09:57:00+05:30,23328.35,23329.45,23317.1,23319.35,1244195.0
2026-05-18 09:58:00+05:30,2026-05-18 09:58:00+05:30,23319.9,23326.45,23318.1,23322.5,1083789.0
2026-05-18 09:59:00+05:30,2026-05-18 09:59:00+05:30,23322.95,23342.05,23322.8,23341.15,824589.0
2026-05-18 10:00:00+05:30,2026-05-18 10:00:00+05:30,23340.8,23349.3,23339.5,23343.75,1065946.0
2026-05-18 10:01:00+05:30,2026-05-18 10:01:00+05:30,23343.8,23349.05,23341.15,23346.8,900412.0
2026-05-18 10:02:00+05:30,2026-05-18 10:02:00+05:30,23347.9,23360.0,23342.0,23360.0,1096545.0
2026-05-18 10:03:00+05:30,2026-05-18 10:03:00+05:30,23360.35,23364.05,23356.75,23357.6,1060800.0
2026-05-18 10:04:00+05:30,2026-05-18 10:04:00+05:30,23357.25,23362.75,23355.05,23361.05,639510.0
2026-05-18 10:05:00+05:30,2026-05-18 10:05:00+05:30,23361.1,23366.5,23356.4,23361.4,1418026.0
2026-05-18 10:06:00+05:30,2026-05-18 10:06:00+05:30,23361.65,23362.55,23356.55,23360.0,923801.0
2026-05-18 10:07:00+05:30,2026-05-18 10:07:00+05:30,23359.8,23360.45,23344.05,23344.1,1102475.0
2026-05-18 10:08:00+05:30,2026-05-18 10:08:00+05:30,23344.05,23349.05,23340.3,23348.85,978063.0
2026-05-18 10:09:00+05:30,2026-05-18 10:09:00+05:30,23348.2,23357.1,23346.85,23350.9,1066732.0
2026-05-18 10:10:00+05:30,2026-05-18 10:10:00+05:30,23350.75,23359.9,23348.7,23356.15,740167.0
2026-05-18 10:11:00+05:30,2026-05-18 10:11:00+05:30,23356.15,23362.55,23350.3,23358.65,1002721.0
2026-05-18 10:12:00+05:30,2026-05-18 10:12:00+05:30,23357.8,23366.4,23352.2,23352.85,1148324.0
2026-05-18 10:13:00+05:30,2026-05-18 10:13:00+05:30,23352.45,23361.9,23349.65,23360.0,1413885.0
2026-05-18 10:14:00+05:30,2026-05-18 10:14:00+05:30,23360.1,23362.9,23357.9,23362.4,948621.0
2026-05-18 10:15:00+05:30,2026-05-18 10:15:00+05:30,23362.3,23363.75,23353.9,23357.25,958204.0
2026-05-18 10:16:00+05:30,2026-05-18 10:16:00+05:30,23357.2,23376.0,23356.85,23375.45,1101565.0
2026-05-18 10:17:00+05:30,2026-05-18 10:17:00+05:30,23375.15,23383.9,23375.15,23382.85,2018170.0
2026-05-18 10:18:00+05:30,2026-05-18 10:18:00+05:30,23382.65,23386.55,23379.8,23385.9,813252.0
2026-05-18 10:19:00+05:30,2026-05-18 10:19:00+05:30,23385.7,23389.45,23384.0,23384.9,1241431.0
2026-05-18 10:20:00+05:30,2026-05-18 10:20:00+05:30,23385.0,23389.05,23382.65,23383.3,1075358.0
2026-05-18 10:21:00+05:30,2026-05-18 10:21:00+05:30,23383.2,23388.1,23382.35,23385.1,913223.0
2026-05-18 10:22:00+05:30,2026-05-18 10:22:00+05:30,23384.1,23384.6,23375.15,23376.4,1121869.0
2026-05-18 10:23:00+05:30,2026-05-18 10:23:00+05:30,23375.85,23384.4,23373.5,23384.2,690532.0
2026-05-18 10:24:00+05:30,2026-05-18 10:24:00+05:30,23383.85,23385.3,23378.7,23381.9,550646.0
2026-05-18 10:25:00+05:30,2026-05-18 10:25:00+05:30,23382.2,23385.95,23380.95,23383.8,698464.0
2026-05-18 10:26:00+05:30,2026-05-18 10:26:00+05:30,23383.95,23385.2,23379.4,23383.95,655605.0
2026-05-18 10:27:00+05:30,2026-05-18 10:27:00+05:30,23384.55,23385.75,23380.25,23382.45,653789.0
2026-05-18 10:28:00+05:30,2026-05-18 10:28:00+05:30,23382.15,23382.15,23375.5,23379.55,713598.0
2026-05-18 10:29:00+05:30,2026-05-18 10:29:00+05:30,23379.8,23385.05,23379.8,23379.85,663621.0
2026-05-18 10:30:00+05:30,2026-05-18 10:30:00+05:30,23379.75,23382.65,23371.5,23372.65,798743.0
2026-05-18 10:31:00+05:30,2026-05-18 10:31:00+05:30,23372.6,23372.6,23358.7,23358.9,923172.0
2026-05-18 10:32:00+05:30,2026-05-18 10:32:00+05:30,23359.0,23362.45,23355.55,23360.1,740408.0
2026-05-18 10:33:00+05:30,2026-05-18 10:33:00+05:30,23360.25,23376.35,23355.55,23376.1,981555.0
2026-05-18 10:34:00+05:30,2026-05-18 10:34:00+05:30,23376.05,23414.4,23375.95,23413.65,1074804.0
2026-05-18 10:35:00+05:30,2026-05-18 10:35:00+05:30,23414.05,23422.5,23412.55,23417.9,872013.0
2026-05-18 10:36:00+05:30,2026-05-18 10:36:00+05:30,23418.0,23432.1,23415.7,23431.65,743661.0
2026-05-18 10:37:00+05:30,2026-05-18 10:37:00+05:30,23431.55,23438.3,23428.15,23438.3,875485.0
2026-05-18 10:38:00+05:30,2026-05-18 10:38:00+05:30,23438.0,23439.7,23431.35,23431.4,779525.0
2026-05-18 10:39:00+05:30,2026-05-18 10:39:00+05:30,23432.25,23433.2,23424.6,23429.0,962488.0
2026-05-18 10:40:00+05:30,2026-05-18 10:40:00+05:30,23429.0,23431.85,23421.3,23429.35,673614.0
2026-05-18 10:41:00+05:30,2026-05-18 10:41:00+05:30,23430.3,23433.5,23426.2,23427.55,561440.0
2026-05-18 10:42:00+05:30,2026-05-18 10:42:00+05:30,23427.25,23427.8,23421.85,23426.1,571036.0
2026-05-18 10:43:00+05:30,2026-05-18 10:43:00+05:30,23426.25,23427.7,23406.8,23407.25,890987.0
2026-05-18 10:44:00+05:30,2026-05-18 10:44:00+05:30,23405.85,23417.9,23403.95,23417.2,550283.0
2026-05-18 10:45:00+05:30,2026-05-18 10:45:00+05:30,23417.8,23418.1,23411.95,23413.95,463578.0
2026-05-18 10:46:00+05:30,2026-05-18 10:46:00+05:30,23413.9,23414.9,23404.3,23405.45,704262.0
2026-05-18 10:47:00+05:30,2026-05-18 10:47:00+05:30,23405.45,23407.1,23395.15,23395.25,768325.0
2026-05-18 10:48:00+05:30,2026-05-18 10:48:00+05:30,23394.75,23406.95,23389.6,23406.05,657344.0
2026-05-18 10:49:00+05:30,2026-05-18 10:49:00+05:30,23406.2,23417.6,23404.95,23408.65,780015.0
2026-05-18 10:50:00+05:30,2026-05-18 10:50:00+05:30,23408.15,23418.7,23408.15,23418.7,888031.0
2026-05-18 10:51:00+05:30,2026-05-18 10:51:00+05:30,23418.95,23430.9,23418.55,23425.8,773771.0
2026-05-18 10:52:00+05:30,2026-05-18 10:52:00+05:30,23425.6,23441.4,23423.65,23440.85,756226.0
2026-05-18 10:53:00+05:30,2026-05-18 10:53:00+05:30,23441.15,23442.45,23434.5,23436.65,789643.0
2026-05-18 10:54:00+05:30,2026-05-18 10:54:00+05:30,23436.25,23445.3,23433.75,23443.7,593705.0
2026-05-18 10:55:00+05:30,2026-05-18 10:55:00+05:30,23443.55,23451.7,23442.7,23450.8,671880.0
2026-05-18 10:56:00+05:30,2026-05-18 10:56:00+05:30,23451.0,23460.65,23450.05,23458.3,739016.0
2026-05-18 10:57:00+05:30,2026-05-18 10:57:00+05:30,23457.65,23460.55,23453.05,23453.05,642714.0
2026-05-18 10:58:00+05:30,2026-05-18 10:58:00+05:30,23452.85,23461.65,23450.8,23460.1,444494.0
2026-05-18 10:59:00+05:30,2026-05-18 10:59:00+05:30,23460.05,23465.95,23459.0,23465.1,651251.0
2026-05-18 11:00:00+05:30,2026-05-18 11:00:00+05:30,23464.9,23469.35,23461.85,23461.85,689696.0
2026-05-18 11:01:00+05:30,2026-05-18 11:01:00+05:30,23461.85,23462.35,23452.6,23458.9,691072.0
2026-05-18 11:02:00+05:30,2026-05-18 11:02:00+05:30,23458.75,23471.45,23458.75,23461.45,1109614.0
2026-05-18 11:03:00+05:30,2026-05-18 11:03:00+05:30,23461.15,23462.85,23457.8,23461.7,650340.0
2026-05-18 11:04:00+05:30,2026-05-18 11:04:00+05:30,23461.5,23463.05,23454.9,23455.25,617290.0
2026-05-18 11:05:00+05:30,2026-05-18 11:05:00+05:30,23455.15,23464.9,23454.75,23462.95,520148.0
2026-05-18 11:06:00+05:30,2026-05-18 11:06:00+05:30,23463.2,23474.05,23463.2,23467.7,540871.0
2026-05-18 11:07:00+05:30,2026-05-18 11:07:00+05:30,23468.3,23474.75,23459.4,23459.5,612353.0
2026-05-18 11:08:00+05:30,2026-05-18 11:08:00+05:30,23459.05,23468.4,23456.1,23466.0,555831.0
2026-05-18 11:09:00+05:30,2026-05-18 11:09:00+05:30,23467.05,23477.75,23466.55,23476.4,758321.0
2026-05-18 11:10:00+05:30,2026-05-18 11:10:00+05:30,23477.1,23477.75,23471.75,23474.0,801795.0
2026-05-18 11:11:00+05:30,2026-05-18 11:11:00+05:30,23474.2,23475.8,23465.2,23465.6,927250.0
2026-05-18 11:12:00+05:30,2026-05-18 11:12:00+05:30,23465.9,23467.0,23460.6,23461.2,838949.0
2026-05-18 11:13:00+05:30,2026-05-18 11:13:00+05:30,23460.95,23475.0,23460.9,23474.2,578235.0
2026-05-18 11:14:00+05:30,2026-05-18 11:14:00+05:30,23474.55,23474.55,23466.0,23470.1,502996.0
2026-05-18 11:15:00+05:30,2026-05-18 11:15:00+05:30,23470.2,23476.25,23465.85,23475.9,551387.0
2026-05-18 11:16:00+05:30,2026-05-18 11:16:00+05:30,23474.9,23486.25,23474.85,23483.3,740930.0
2026-05-18 11:17:00+05:30,2026-05-18 11:17:00+05:30,23483.5,23491.95,23481.9,23484.6,692573.0
2026-05-18 11:18:00+05:30,2026-05-18 11:18:00+05:30,23483.9,23491.75,23481.05,23484.85,1104216.0
2026-05-18 11:19:00+05:30,2026-05-18 11:19:00+05:30,23483.85,23495.15,23482.45,23494.05,803630.0
2026-05-18 11:20:00+05:30,2026-05-18 11:20:00+05:30,23494.3,23495.95,23483.3,23486.0,852679.0
2026-05-18 11:21:00+05:30,2026-05-18 11:21:00+05:30,23485.9,23486.2,23476.05,23478.7,920342.0
2026-05-18 11:22:00+05:30,2026-05-18 11:22:00+05:30,23478.4,23503.65,23478.4,23503.1,615812.0
2026-05-18 11:23:00+05:30,2026-05-18 11:23:00+05:30,23503.5,23507.3,23494.4,23495.2,750264.0
2026-05-18 11:24:00+05:30,2026-05-18 11:24:00+05:30,23494.5,23518.6,23494.1,23516.2,903461.0
2026-05-18 11:25:00+05:30,2026-05-18 11:25:00+05:30,23516.4,23519.9,23506.05,23510.2,604443.0
2026-05-18 11:26:00+05:30,2026-05-18 11:26:00+05:30,23509.9,23510.65,23498.15,23498.3,879605.0
2026-05-18 11:27:00+05:30,2026-05-18 11:27:00+05:30,23498.3,23505.4,23494.2,23501.3,697980.0
2026-05-18 11:28:00+05:30,2026-05-18 11:28:00+05:30,23501.1,23503.9,23498.35,23499.8,384946.0
2026-05-18 11:29:00+05:30,2026-05-18 11:29:00+05:30,23499.85,23502.1,23494.3,23495.8,584278.0
2026-05-18 11:30:00+05:30,2026-05-18 11:30:00+05:30,23495.8,23505.1,23494.4,23505.0,701645.0
2026-05-18 11:31:00+05:30,2026-05-18 11:31:00+05:30,23505.0,23514.5,23503.1,23514.15,604964.0
2026-05-18 11:32:00+05:30,2026-05-18 11:32:00+05:30,23514.2,23531.35,23514.2,23529.0,1080581.0
2026-05-18 11:33:00+05:30,2026-05-18 11:33:00+05:30,23528.9,23530.8,23524.6,23530.45,796625.0
2026-05-18 11:34:00+05:30,2026-05-18 11:34:00+05:30,23530.15,23532.8,23525.55,23528.55,708951.0
2026-05-18 11:35:00+05:30,2026-05-18 11:35:00+05:30,23529.25,23531.25,23524.55,23529.65,935680.0
2026-05-18 11:36:00+05:30,2026-05-18 11:36:00+05:30,23529.8,23534.35,23525.95,23533.35,762188.0
2026-05-18 11:37:00+05:30,2026-05-18 11:37:00+05:30,23534.1,23538.6,23531.1,23537.65,567578.0
2026-05-18 11:38:00+05:30,2026-05-18 11:38:00+05:30,23537.85,23549.75,23535.5,23547.9,1387509.0
2026-05-18 11:39:00+05:30,2026-05-18 11:39:00+05:30,23548.0,23562.75,23547.55,23560.65,807912.0
2026-05-18 11:40:00+05:30,2026-05-18 11:40:00+05:30,23560.7,23561.1,23542.25,23543.05,638222.0
2026-05-18 11:41:00+05:30,2026-05-18 11:41:00+05:30,23543.25,23544.6,23532.85,23532.85,821446.0
2026-05-18 11:42:00+05:30,2026-05-18 11:42:00+05:30,23533.45,23535.0,23528.15,23533.6,563481.0
2026-05-18 11:43:00+05:30,2026-05-18 11:43:00+05:30,23533.95,23542.05,23532.15,23532.2,469792.0
2026-05-18 11:44:00+05:30,2026-05-18 11:44:00+05:30,23532.3,23534.6,23525.15,23534.25,843439.0
2026-05-18 11:45:00+05:30,2026-05-18 11:45:00+05:30,23534.55,23537.9,23533.4,23536.5,527833.0
2026-05-18 11:46:00+05:30,2026-05-18 11:46:00+05:30,23537.3,23538.25,23527.55,23527.6,719322.0
2026-05-18 11:47:00+05:30,2026-05-18 11:47:00+05:30,23528.1,23529.2,23513.65,23514.0,1092785.0
2026-05-18 11:48:00+05:30,2026-05-18 11:48:00+05:30,23513.35,23515.45,23502.8,23504.65,1208271.0
2026-05-18 11:49:00+05:30,2026-05-18 11:49:00+05:30,23504.9,23513.5,23504.4,23512.7,635795.0
2026-05-18 11:50:00+05:30,2026-05-18 11:50:00+05:30,23512.55,23512.9,23505.85,23506.25,639389.0
2026-05-18 11:51:00+05:30,2026-05-18 11:51:00+05:30,23505.9,23509.75,23501.9,23504.35,720517.0
2026-05-18 11:52:00+05:30,2026-05-18 11:52:00+05:30,23504.25,23511.35,23504.25,23507.55,543270.0
2026-05-18 11:53:00+05:30,2026-05-18 11:53:00+05:30,23507.6,23510.6,23504.5,23504.7,486862.0
2026-05-18 11:54:00+05:30,2026-05-18 11:54:00+05:30,23504.9,23506.25,23499.3,23499.7,438419.0
2026-05-18 11:55:00+05:30,2026-05-18 11:55:00+05:30,23500.1,23509.65,23497.5,23498.15,532508.0
2026-05-18 11:56:00+05:30,2026-05-18 11:56:00+05:30,23498.0,23499.35,23492.45,23498.6,551883.0
2026-05-18 11:57:00+05:30,2026-05-18 11:57:00+05:30,23498.65,23502.3,23496.75,23497.15,404109.0
2026-05-18 11:58:00+05:30,2026-05-18 11:58:00+05:30,23497.05,23499.45,23485.9,23486.1,704317.0
2026-05-18 11:59:00+05:30,2026-05-18 11:59:00+05:30,23486.1,23486.45,23473.7,23474.7,580532.0
2026-05-18 12:00:00+05:30,2026-05-18 12:00:00+05:30,23474.75,23475.35,23468.35,23469.95,781124.0
2026-05-18 12:01:00+05:30,2026-05-18 12:01:00+05:30,23470.35,23479.9,23470.35,23479.8,1735675.0
2026-05-18 12:02:00+05:30,2026-05-18 12:02:00+05:30,23479.85,23482.05,23472.85,23476.6,726434.0
2026-05-18 12:03:00+05:30,2026-05-18 12:03:00+05:30,23476.95,23478.4,23474.25,23478.25,624854.0
2026-05-18 12:04:00+05:30,2026-05-18 12:04:00+05:30,23478.2,23485.5,23477.9,23477.9,601971.0
2026-05-18 12:05:00+05:30,2026-05-18 12:05:00+05:30,23477.7,23487.2,23477.7,23483.4,683409.0
2026-05-18 12:06:00+05:30,2026-05-18 12:06:00+05:30,23483.3,23491.45,23483.15,23488.0,611574.0
2026-05-18 12:07:00+05:30,2026-05-18 12:07:00+05:30,23488.25,23488.6,23479.4,23486.4,748295.0
2026-05-18 12:08:00+05:30,2026-05-18 12:08:00+05:30,23485.95,23496.3,23485.95,23495.75,864746.0
2026-05-18 12:09:00+05:30,2026-05-18 12:09:00+05:30,23495.95,23500.15,23491.6,23492.5,749716.0
2026-05-18 12:10:00+05:30,2026-05-18 12:10:00+05:30,23492.45,23507.7,23492.0,23507.7,804193.0
2026-05-18 12:11:00+05:30,2026-05-18 12:11:00+05:30,23508.35,23515.8,23508.35,23512.8,1033831.0
2026-05-18 12:12:00+05:30,2026-05-18 12:12:00+05:30,23514.05,23518.2,23508.95,23516.5,924551.0
2026-05-18 12:13:00+05:30,2026-05-18 12:13:00+05:30,23516.65,23522.75,23515.15,23515.9,796035.0
2026-05-18 12:14:00+05:30,2026-05-18 12:14:00+05:30,23515.5,23525.65,23512.65,23524.75,774751.0
2026-05-18 12:15:00+05:30,2026-05-18 12:15:00+05:30,23524.15,23534.45,23524.15,23529.35,1702571.0
2026-05-18 12:16:00+05:30,2026-05-18 12:16:00+05:30,23529.75,23535.15,23529.0,23529.0,900940.0
2026-05-18 12:17:00+05:30,2026-05-18 12:17:00+05:30,23528.95,23529.5,23517.95,23521.65,792237.0
2026-05-18 12:18:00+05:30,2026-05-18 12:18:00+05:30,23521.5,23526.85,23521.1,23522.45,508315.0
2026-05-18 12:19:00+05:30,2026-05-18 12:19:00+05:30,23522.55,23523.5,23513.15,23520.7,1999550.0
2026-05-18 12:20:00+05:30,2026-05-18 12:20:00+05:30,23521.2,23523.85,23518.7,23519.35,718374.0
2026-05-18 12:21:00+05:30,2026-05-18 12:21:00+05:30,23519.55,23525.25,23518.45,23521.55,579903.0
2026-05-18 12:22:00+05:30,2026-05-18 12:22:00+05:30,23521.55,23528.85,23520.9,23525.1,649613.0
2026-05-18 12:23:00+05:30,2026-05-18 12:23:00+05:30,23524.85,23527.4,23521.25,23523.05,419200.0
2026-05-18 12:24:00+05:30,2026-05-18 12:24:00+05:30,23523.05,23537.15,23522.05,23535.95,826103.0
2026-05-18 12:25:00+05:30,2026-05-18 12:25:00+05:30,23536.0,23546.0,23536.0,23546.0,1406650.0
2026-05-18 12:26:00+05:30,2026-05-18 12:26:00+05:30,23546.2,23555.4,23545.55,23553.8,1324393.0
2026-05-18 12:27:00+05:30,2026-05-18 12:27:00+05:30,23554.2,23554.5,23547.65,23552.0,651545.0
2026-05-18 12:28:00+05:30,2026-05-18 12:28:00+05:30,23551.9,23558.15,23548.3,23552.4,883165.0
2026-05-18 12:29:00+05:30,2026-05-18 12:29:00+05:30,23552.35,23555.65,23551.0,23553.45,790213.0
2026-05-18 12:30:00+05:30,2026-05-18 12:30:00+05:30,23553.5,23563.6,23553.5,23563.4,1395739.0
2026-05-18 12:31:00+05:30,2026-05-18 12:31:00+05:30,23563.45,23574.75,23563.45,23570.1,1197161.0
2026-05-18 12:32:00+05:30,2026-05-18 12:32:00+05:30,23570.35,23581.0,23567.8,23578.6,675507.0
2026-05-18 12:33:00+05:30,2026-05-18 12:33:00+05:30,23578.55,23581.9,23577.7,23579.35,904273.0
2026-05-18 12:34:00+05:30,2026-05-18 12:34:00+05:30,23579.8,23601.2,23579.7,23593.95,1450205.0
2026-05-18 12:35:00+05:30,2026-05-18 12:35:00+05:30,23593.1,23606.55,23591.7,23601.35,1147836.0
2026-05-18 12:36:00+05:30,2026-05-18 12:36:00+05:30,23601.8,23608.8,23600.9,23604.1,978485.0
2026-05-18 12:37:00+05:30,2026-05-18 12:37:00+05:30,23604.75,23607.65,23602.45,23603.1,741273.0
2026-05-18 12:38:00+05:30,2026-05-18 12:38:00+05:30,23602.6,23606.5,23599.25,23606.0,1124609.0
2026-05-18 12:39:00+05:30,2026-05-18 12:39:00+05:30,23605.7,23610.0,23602.75,23604.4,1123969.0
2026-05-18 12:40:00+05:30,2026-05-18 12:40:00+05:30,23604.25,23605.0,23592.2,23597.1,1043594.0
2026-05-18 12:41:00+05:30,2026-05-18 12:41:00+05:30,23597.4,23608.05,23597.0,23598.45,665563.0
2026-05-18 12:42:00+05:30,2026-05-18 12:42:00+05:30,23598.4,23598.95,23586.85,23586.9,938580.0
2026-05-18 12:43:00+05:30,2026-05-18 12:43:00+05:30,23586.95,23587.8,23580.15,23581.5,642054.0
2026-05-18 12:44:00+05:30,2026-05-18 12:44:00+05:30,23581.95,23585.85,23578.75,23584.75,708406.0
2026-05-18 12:45:00+05:30,2026-05-18 12:45:00+05:30,23585.0,23587.1,23575.55,23575.7,556864.0
2026-05-18 12:46:00+05:30,2026-05-18 12:46:00+05:30,23576.0,23579.2,23572.65,23578.1,710182.0
2026-05-18 12:47:00+05:30,2026-05-18 12:47:00+05:30,23578.8,23588.75,23578.5,23588.1,711507.0
2026-05-18 12:48:00+05:30,2026-05-18 12:48:00+05:30,23588.1,23588.7,23581.2,23584.15,695825.0
2026-05-18 12:49:00+05:30,2026-05-18 12:49:00+05:30,23584.2,23586.5,23578.7,23578.75,870546.0
2026-05-18 12:50:00+05:30,2026-05-18 12:50:00+05:30,23579.2,23583.7,23577.0,23580.0,683863.0
2026-05-18 12:51:00+05:30,2026-05-18 12:51:00+05:30,23580.2,23586.3,23578.4,23584.6,587796.0
2026-05-18 12:52:00+05:30,2026-05-18 12:52:00+05:30,23585.0,23589.55,23584.8,23587.95,589576.0
2026-05-18 12:53:00+05:30,2026-05-18 12:53:00+05:30,23588.25,23590.5,23585.05,23589.6,749486.0
2026-05-18 12:54:00+05:30,2026-05-18 12:54:00+05:30,23590.05,23592.1,23586.5,23589.25,617576.0
2026-05-18 12:55:00+05:30,2026-05-18 12:55:00+05:30,23589.5,23602.4,23589.05,23601.8,942103.0
2026-05-18 12:56:00+05:30,2026-05-18 12:56:00+05:30,23601.4,23631.35,23601.4,23618.1,2012769.0
2026-05-18 12:57:00+05:30,2026-05-18 12:57:00+05:30,23617.25,23628.6,23617.25,23627.3,1077140.0
2026-05-18 12:58:00+05:30,2026-05-18 12:58:00+05:30,23626.4,23634.4,23626.4,23629.4,969795.0
2026-05-18 12:59:00+05:30,2026-05-18 12:59:00+05:30,23630.75,23637.9,23625.3,23636.9,1126397.0
2026-05-18 13:00:00+05:30,2026-05-18 13:00:00+05:30,23637.15,23651.65,23636.85,23640.9,1195731.0
2026-05-18 13:01:00+05:30,2026-05-18 13:01:00+05:30,23641.55,23642.95,23634.5,23635.4,769122.0
2026-05-18 13:02:00+05:30,2026-05-18 13:02:00+05:30,23635.6,23644.6,23634.7,23644.6,898816.0
2026-05-18 13:03:00+05:30,2026-05-18 13:03:00+05:30,23644.45,23661.65,23644.45,23656.85,1152075.0
2026-05-18 13:04:00+05:30,2026-05-18 13:04:00+05:30,23656.95,23657.25,23645.55,23646.35,842655.0
2026-05-18 13:05:00+05:30,2026-05-18 13:05:00+05:30,23645.9,23647.25,23626.8,23627.25,966209.0
2026-05-18 13:06:00+05:30,2026-05-18 13:06:00+05:30,23627.1,23628.25,23615.75,23616.25,2090208.0
2026-05-18 13:07:00+05:30,2026-05-18 13:07:00+05:30,23616.85,23617.4,23607.95,23608.95,709190.0
2026-05-18 13:08:00+05:30,2026-05-18 13:08:00+05:30,23608.7,23613.2,23605.25,23609.7,605287.0
2026-05-18 13:09:00+05:30,2026-05-18 13:09:00+05:30,23609.8,23612.0,23606.15,23610.35,804451.0
2026-05-18 13:10:00+05:30,2026-05-18 13:10:00+05:30,23610.65,23612.75,23599.7,23600.0,894433.0
2026-05-18 13:11:00+05:30,2026-05-18 13:11:00+05:30,23599.9,23600.95,23592.25,23600.95,742047.0
2026-05-18 13:12:00+05:30,2026-05-18 13:12:00+05:30,23600.9,23609.95,23599.95,23607.35,1444838.0
2026-05-18 13:13:00+05:30,2026-05-18 13:13:00+05:30,23607.55,23607.55,23599.55,23605.3,747629.0
2026-05-18 13:14:00+05:30,2026-05-18 13:14:00+05:30,23605.2,23616.45,23605.2,23615.9,931672.0
2026-05-18 13:15:00+05:30,2026-05-18 13:15:00+05:30,23615.5,23620.25,23613.9,23617.2,596155.0
2026-05-18 13:16:00+05:30,2026-05-18 13:16:00+05:30,23617.8,23627.85,23617.6,23622.15,658984.0
2026-05-18 13:17:00+05:30,2026-05-18 13:17:00+05:30,23621.55,23623.3,23617.9,23619.05,585663.0
2026-05-18 13:18:00+05:30,2026-05-18 13:18:00+05:30,23618.9,23628.75,23618.35,23626.75,654434.0
2026-05-18 13:19:00+05:30,2026-05-18 13:19:00+05:30,23626.9,23628.55,23618.25,23620.35,793028.0
2026-05-18 13:20:00+05:30,2026-05-18 13:20:00+05:30,23620.5,23621.25,23603.55,23604.0,667422.0
2026-05-18 13:21:00+05:30,2026-05-18 13:21:00+05:30,23604.4,23614.3,23603.4,23607.85,590264.0
2026-05-18 13:22:00+05:30,2026-05-18 13:22:00+05:30,23608.4,23609.75,23598.2,23598.65,761926.0
2026-05-18 13:23:00+05:30,2026-05-18 13:23:00+05:30,23598.55,23606.55,23596.45,23605.55,736724.0
2026-05-18 13:24:00+05:30,2026-05-18 13:24:00+05:30,23605.85,23627.75,23605.65,23627.7,802345.0
2026-05-18 13:25:00+05:30,2026-05-18 13:25:00+05:30,23628.0,23632.9,23625.25,23627.3,801306.0
2026-05-18 13:26:00+05:30,2026-05-18 13:26:00+05:30,23627.6,23632.9,23618.35,23631.7,936988.0
2026-05-18 13:27:00+05:30,2026-05-18 13:27:00+05:30,23631.75,23634.25,23624.6,23624.85,845473.0
2026-05-18 13:28:00+05:30,2026-05-18 13:28:00+05:30,23625.0,23625.0,23611.0,23611.8,784443.0
2026-05-18 13:29:00+05:30,2026-05-18 13:29:00+05:30,23612.0,23619.75,23610.1,23618.95,673825.0
2026-05-18 13:30:00+05:30,2026-05-18 13:30:00+05:30,23618.35,23632.2,23618.3,23631.05,808073.0
2026-05-18 13:31:00+05:30,2026-05-18 13:31:00+05:30,23630.1,23633.5,23626.95,23627.55,823883.0
2026-05-18 13:32:00+05:30,2026-05-18 13:32:00+05:30,23627.4,23630.5,23623.3,23626.0,816586.0
2026-05-18 13:33:00+05:30,2026-05-18 13:33:00+05:30,23625.45,23627.1,23615.55,23615.6,595457.0
2026-05-18 13:34:00+05:30,2026-05-18 13:34:00+05:30,23615.65,23628.1,23611.8,23621.5,782208.0
2026-05-18 13:35:00+05:30,2026-05-18 13:35:00+05:30,23622.15,23628.4,23622.15,23626.65,589650.0
2026-05-18 13:36:00+05:30,2026-05-18 13:36:00+05:30,23626.5,23626.5,23611.75,23612.95,956218.0
2026-05-18 13:37:00+05:30,2026-05-18 13:37:00+05:30,23613.05,23618.1,23613.05,23615.2,554476.0
2026-05-18 13:38:00+05:30,2026-05-18 13:38:00+05:30,23615.1,23615.1,23609.2,23612.95,856744.0
2026-05-18 13:39:00+05:30,2026-05-18 13:39:00+05:30,23613.15,23616.3,23606.2,23607.05,655184.0
2026-05-18 13:40:00+05:30,2026-05-18 13:40:00+05:30,23607.0,23607.75,23599.15,23606.4,738845.0
2026-05-18 13:41:00+05:30,2026-05-18 13:41:00+05:30,23606.5,23609.85,23603.55,23608.7,623704.0
2026-05-18 13:42:00+05:30,2026-05-18 13:42:00+05:30,23609.15,23623.25,23608.65,23622.2,664302.0
2026-05-18 13:43:00+05:30,2026-05-18 13:43:00+05:30,23622.3,23630.8,23617.65,23619.2,931928.0
2026-05-18 13:44:00+05:30,2026-05-18 13:44:00+05:30,23618.75,23623.35,23618.75,23622.4,580063.0
2026-05-18 13:45:00+05:30,2026-05-18 13:45:00+05:30,23622.05,23624.05,23611.1,23611.1,758413.0
2026-05-18 13:46:00+05:30,2026-05-18 13:46:00+05:30,23611.15,23621.55,23604.05,23620.8,1207430.0
2026-05-18 13:47:00+05:30,2026-05-18 13:47:00+05:30,23620.6,23622.65,23613.6,23616.55,552281.0
2026-05-18 13:48:00+05:30,2026-05-18 13:48:00+05:30,23616.6,23621.05,23612.5,23618.9,733785.0
2026-05-18 13:49:00+05:30,2026-05-18 13:49:00+05:30,23618.75,23625.5,23618.75,23624.45,596726.0
2026-05-18 13:50:00+05:30,2026-05-18 13:50:00+05:30,23625.05,23628.05,23623.1,23627.65,602445.0
2026-05-18 13:51:00+05:30,2026-05-18 13:51:00+05:30,23627.85,23633.9,23626.4,23633.9,540427.0
2026-05-18 13:52:00+05:30,2026-05-18 13:52:00+05:30,23634.25,23640.35,23633.0,23640.15,915515.0
2026-05-18 13:53:00+05:30,2026-05-18 13:53:00+05:30,23640.15,23646.35,23637.4,23640.65,974257.0
2026-05-18 13:54:00+05:30,2026-05-18 13:54:00+05:30,23640.75,23644.8,23636.35,23642.85,614307.0
2026-05-18 13:55:00+05:30,2026-05-18 13:55:00+05:30,23642.5,23650.95,23642.5,23650.7,824183.0
2026-05-18 13:56:00+05:30,2026-05-18 13:56:00+05:30,23651.05,23656.9,23648.85,23655.7,899440.0
2026-05-18 13:57:00+05:30,2026-05-18 13:57:00+05:30,23656.05,23659.4,23641.5,23641.5,911524.0
2026-05-18 13:58:00+05:30,2026-05-18 13:58:00+05:30,23641.1,23642.75,23634.05,23642.0,819843.0
2026-05-18 13:59:00+05:30,2026-05-18 13:59:00+05:30,23641.8,23647.05,23639.35,23640.9,621852.0
2026-05-18 14:00:00+05:30,2026-05-18 14:00:00+05:30,23641.25,23641.65,23628.5,23629.9,741575.0
2026-05-18 14:01:00+05:30,2026-05-18 14:01:00+05:30,23629.8,23633.75,23627.4,23630.8,621779.0
2026-05-18 14:02:00+05:30,2026-05-18 14:02:00+05:30,23631.05,23637.0,23631.05,23636.3,531175.0
2026-05-18 14:03:00+05:30,2026-05-18 14:03:00+05:30,23636.45,23652.0,23636.45,23647.55,901987.0
2026-05-18 14:04:00+05:30,2026-05-18 14:04:00+05:30,23647.8,23649.8,23640.65,23641.3,475151.0
2026-05-18 14:05:00+05:30,2026-05-18 14:05:00+05:30,23642.25,23644.2,23637.45,23637.45,570769.0
2026-05-18 14:06:00+05:30,2026-05-18 14:06:00+05:30,23637.55,23638.25,23618.6,23618.6,748055.0
2026-05-18 14:07:00+05:30,2026-05-18 14:07:00+05:30,23618.45,23619.85,23613.95,23617.55,701399.0
2026-05-18 14:08:00+05:30,2026-05-18 14:08:00+05:30,23617.75,23623.5,23612.65,23613.55,807113.0
2026-05-18 14:09:00+05:30,2026-05-18 14:09:00+05:30,23613.6,23619.2,23613.35,23615.15,522778.0
2026-05-18 14:10:00+05:30,2026-05-18 14:10:00+05:30,23615.15,23616.05,23606.7,23608.25,833850.0
2026-05-18 14:11:00+05:30,2026-05-18 14:11:00+05:30,23608.8,23617.85,23608.1,23617.05,699339.0
2026-05-18 14:12:00+05:30,2026-05-18 14:12:00+05:30,23616.3,23627.15,23616.3,23627.15,946604.0
2026-05-18 14:13:00+05:30,2026-05-18 14:13:00+05:30,23627.2,23638.1,23627.0,23630.15,1295935.0
2026-05-18 14:14:00+05:30,2026-05-18 14:14:00+05:30,23630.05,23633.25,23621.15,23624.85,1130753.0
2026-05-18 14:15:00+05:30,2026-05-18 14:15:00+05:30,23624.9,23624.9,23599.0,23609.75,767744.0
2026-05-18 14:16:00+05:30,2026-05-18 14:16:00+05:30,23609.7,23617.6,23608.5,23608.5,475501.0
2026-05-18 14:17:00+05:30,2026-05-18 14:17:00+05:30,23609.25,23611.6,23605.0,23608.85,484332.0
2026-05-18 14:18:00+05:30,2026-05-18 14:18:00+05:30,23608.9,23614.05,23608.9,23612.1,478241.0
2026-05-18 14:19:00+05:30,2026-05-18 14:19:00+05:30,23612.25,23613.6,23602.95,23612.15,768054.0
2026-05-18 14:20:00+05:30,2026-05-18 14:20:00+05:30,23612.4,23619.45,23611.65,23616.5,509996.0
2026-05-18 14:21:00+05:30,2026-05-18 14:21:00+05:30,23616.7,23618.5,23608.65,23609.8,609324.0
2026-05-18 14:22:00+05:30,2026-05-18 14:22:00+05:30,23609.95,23613.05,23608.85,23611.85,630206.0
2026-05-18 14:23:00+05:30,2026-05-18 14:23:00+05:30,23611.2,23614.65,23604.7,23607.3,642953.0
2026-05-18 14:24:00+05:30,2026-05-18 14:24:00+05:30,23607.95,23610.0,23591.05,23591.05,1128465.0
2026-05-18 14:25:00+05:30,2026-05-18 14:25:00+05:30,23590.75,23592.65,23583.85,23586.1,1624599.0
2026-05-18 14:26:00+05:30,2026-05-18 14:26:00+05:30,23586.5,23612.65,23586.5,23611.35,1033051.0
2026-05-18 14:27:00+05:30,2026-05-18 14:27:00+05:30,23611.15,23620.7,23610.6,23613.9,850688.0
2026-05-18 14:28:00+05:30,2026-05-18 14:28:00+05:30,23614.1,23615.5,23608.15,23611.3,770807.0
2026-05-18 14:29:00+05:30,2026-05-18 14:29:00+05:30,23613.0,23619.9,23612.1,23614.35,656628.0
2026-05-18 14:30:00+05:30,2026-05-18 14:30:00+05:30,23613.5,23614.55,23604.4,23605.15,780932.0
2026-05-18 14:31:00+05:30,2026-05-18 14:31:00+05:30,23605.35,23621.9,23604.2,23619.9,767985.0
2026-05-18 14:32:00+05:30,2026-05-18 14:32:00+05:30,23619.9,23624.25,23614.05,23614.3,1108944.0
2026-05-18 14:33:00+05:30,2026-05-18 14:33:00+05:30,23614.5,23616.05,23606.95,23609.95,878507.0
2026-05-18 14:34:00+05:30,2026-05-18 14:34:00+05:30,23609.05,23611.5,23595.9,23597.4,851822.0
2026-05-18 14:35:00+05:30,2026-05-18 14:35:00+05:30,23597.8,23599.15,23588.35,23591.15,954192.0
2026-05-18 14:36:00+05:30,2026-05-18 14:36:00+05:30,23591.5,23603.75,23589.85,23602.45,706021.0
2026-05-18 14:37:00+05:30,2026-05-18 14:37:00+05:30,23602.15,23603.65,23593.95,23595.1,649780.0
2026-05-18 14:38:00+05:30,2026-05-18 14:38:00+05:30,23595.75,23596.3,23588.9,23591.55,662367.0
2026-05-18 14:39:00+05:30,2026-05-18 14:39:00+05:30,23591.75,23594.4,23586.05,23587.1,684312.0
2026-05-18 14:40:00+05:30,2026-05-18 14:40:00+05:30,23586.6,23592.2,23582.0,23590.1,750863.0
2026-05-18 14:41:00+05:30,2026-05-18 14:41:00+05:30,23590.2,23597.85,23588.7,23594.85,619364.0
2026-05-18 14:42:00+05:30,2026-05-18 14:42:00+05:30,23594.25,23604.3,23594.2,23601.9,834040.0
2026-05-18 14:43:00+05:30,2026-05-18 14:43:00+05:30,23601.75,23605.8,23601.65,23605.8,591737.0
2026-05-18 14:44:00+05:30,2026-05-18 14:44:00+05:30,23605.45,23611.3,23602.15,23602.95,1071849.0
2026-05-18 14:45:00+05:30,2026-05-18 14:45:00+05:30,23603.35,23604.75,23596.65,23597.65,594949.0
2026-05-18 14:46:00+05:30,2026-05-18 14:46:00+05:30,23597.55,23607.9,23597.55,23605.0,640754.0
2026-05-18 14:47:00+05:30,2026-05-18 14:47:00+05:30,23605.3,23606.15,23597.8,23598.2,747762.0
2026-05-18 14:48:00+05:30,2026-05-18 14:48:00+05:30,23598.15,23598.9,23586.0,23586.35,734295.0
2026-05-18 14:49:00+05:30,2026-05-18 14:49:00+05:30,23586.95,23594.6,23585.75,23585.75,778046.0
2026-05-18 14:50:00+05:30,2026-05-18 14:50:00+05:30,23586.05,23591.85,23584.2,23588.45,751054.0
2026-05-18 14:51:00+05:30,2026-05-18 14:51:00+05:30,23588.2,23589.15,23584.5,23587.45,644580.0
2026-05-18 14:52:00+05:30,2026-05-18 14:52:00+05:30,23587.9,23592.6,23584.45,23584.8,731174.0
2026-05-18 14:53:00+05:30,2026-05-18 14:53:00+05:30,23584.9,23588.05,23583.5,23587.3,594431.0
2026-05-18 14:54:00+05:30,2026-05-18 14:54:00+05:30,23586.9,23595.5,23586.9,23592.1,747141.0
2026-05-18 14:55:00+05:30,2026-05-18 14:55:00+05:30,23592.65,23593.15,23583.85,23584.9,725729.0
2026-05-18 14:56:00+05:30,2026-05-18 14:56:00+05:30,23584.8,23592.8,23581.95,23592.4,1626462.0
2026-05-18 14:57:00+05:30,2026-05-18 14:57:00+05:30,23592.5,23595.95,23585.35,23594.95,1473476.0
2026-05-18 14:58:00+05:30,2026-05-18 14:58:00+05:30,23594.75,23598.0,23586.3,23589.9,1423039.0
2026-05-18 14:59:00+05:30,2026-05-18 14:59:00+05:30,23590.0,23597.35,23587.2,23591.5,1120377.0
2026-05-18 15:00:00+05:30,2026-05-18 15:00:00+05:30,23591.0,23666.3,23590.25,23665.8,4366506.0
2026-05-18 15:01:00+05:30,2026-05-18 15:01:00+05:30,23665.4,23681.15,23665.1,23679.45,2632564.0
2026-05-18 15:02:00+05:30,2026-05-18 15:02:00+05:30,23679.85,23695.65,23679.25,23682.8,3083169.0
2026-05-18 15:03:00+05:30,2026-05-18 15:03:00+05:30,23683.0,23684.0,23677.55,23682.9,2061363.0
2026-05-18 15:04:00+05:30,2026-05-18 15:04:00+05:30,23683.15,23686.4,23662.7,23662.7,2415140.0
2026-05-18 15:05:00+05:30,2026-05-18 15:05:00+05:30,23662.45,23674.25,23662.45,23670.3,1724064.0
2026-05-18 15:06:00+05:30,2026-05-18 15:06:00+05:30,23670.65,23671.65,23658.05,23661.4,2220391.0
2026-05-18 15:07:00+05:30,2026-05-18 15:07:00+05:30,23661.3,23664.3,23654.6,23660.8,1936536.0
2026-05-18 15:08:00+05:30,2026-05-18 15:08:00+05:30,23660.4,23661.55,23637.1,23637.25,2572489.0
2026-05-18 15:09:00+05:30,2026-05-18 15:09:00+05:30,23638.3,23641.2,23629.1,23637.7,1921977.0
2026-05-18 15:10:00+05:30,2026-05-18 15:10:00+05:30,23638.05,23644.7,23636.2,23643.9,1657382.0
2026-05-18 15:11:00+05:30,2026-05-18 15:11:00+05:30,23643.75,23649.8,23641.8,23648.0,2252438.0
2026-05-18 15:12:00+05:30,2026-05-18 15:12:00+05:30,23648.7,23648.7,23632.9,23637.45,1989466.0
2026-05-18 15:13:00+05:30,2026-05-18 15:13:00+05:30,23637.25,23638.25,23631.65,23632.15,1481638.0
2026-05-18 15:14:00+05:30,2026-05-18 15:14:00+05:30,23631.9,23636.55,23631.85,23634.6,1413243.0
2026-05-18 15:15:00+05:30,2026-05-18 15:15:00+05:30,23634.25,23635.6,23628.9,23630.35,1974836.0
2026-05-18 15:16:00+05:30,2026-05-18 15:16:00+05:30,23630.0,23632.05,23627.2,23630.15,2108766.0
2026-05-18 15:17:00+05:30,2026-05-18 15:17:00+05:30,23629.7,23630.25,23619.3,23621.7,1993319.0
2026-05-18 15:18:00+05:30,2026-05-18 15:18:00+05:30,23622.0,23628.2,23620.8,23626.25,2042397.0
2026-05-18 15:19:00+05:30,2026-05-18 15:19:00+05:30,23626.3,23630.3,23625.55,23626.9,1811530.0
2026-05-18 15:20:00+05:30,2026-05-18 15:20:00+05:30,23626.95,23633.25,23626.2,23632.45,2121417.0
2026-05-18 15:21:00+05:30,2026-05-18 15:21:00+05:30,23632.2,23646.9,23632.1,23644.7,2544510.0
2026-05-18 15:22:00+05:30,2026-05-18 15:22:00+05:30,23644.6,23654.2,23644.35,23652.6,2296513.0
2026-05-18 15:23:00+05:30,2026-05-18 15:23:00+05:30,23653.0,23654.15,23647.3,23651.1,2376413.0
2026-05-18 15:24:00+05:30,2026-05-18 15:24:00+05:30,23650.65,23658.35,23649.4,23657.3,2276134.0
2026-05-18 15:25:00+05:30,2026-05-18 15:25:00+05:30,23657.0,23658.4,23647.65,23648.0,2619767.0
2026-05-18 15:26:00+05:30,2026-05-18 15:26:00+05:30,23647.7,23649.9,23646.7,23649.1,1650867.0
2026-05-18 15:27:00+05:30,2026-05-18 15:27:00+05:30,23648.25,23649.45,23641.7,23646.1,2123641.0
2026-05-18 15:28:00+05:30,2026-05-18 15:28:00+05:30,23646.25,23650.0,23640.2,23647.4,1547437.0
2026-05-18 15:29:00+05:30,2026-05-18 15:29:00+05:30,23647.6,23650.9,23640.05,23644.45,1225956.0
2026-05-18 15:30:00+05:30,2026-05-18 15:30:00+05:30,23645.65,23645.65,23645.65,23645.65,1225956.0
2026-05-19 09:15:00+05:30,2026-05-19 09:15:00+05:30,23675.3,23727.45,23675.25,23716.9,5677724.0
2026-05-19 09:16:00+05:30,2026-05-19 09:16:00+05:30,23716.65,23727.95,23693.6,23727.4,3593051.0
2026-05-19 09:17:00+05:30,2026-05-19 09:17:00+05:30,23723.4,23734.3,23698.3,23730.85,3131364.0
2026-05-19 09:18:00+05:30,2026-05-19 09:18:00+05:30,23732.85,23741.0,23724.25,23734.9,3440276.0
2026-05-19 09:19:00+05:30,2026-05-19 09:19:00+05:30,23737.9,23738.5,23724.25,23734.8,2957142.0
2026-05-19 09:20:00+05:30,2026-05-19 09:20:00+05:30,23736.45,23748.0,23734.15,23734.35,2141337.0
2026-05-19 09:21:00+05:30,2026-05-19 09:21:00+05:30,23736.45,23738.75,23719.8,23723.85,2974951.0
2026-05-19 09:22:00+05:30,2026-05-19 09:22:00+05:30,23725.1,23758.45,23722.15,23747.35,2140986.0
2026-05-19 09:23:00+05:30,2026-05-19 09:23:00+05:30,23748.6,23753.15,23731.7,23742.9,2231474.0
2026-05-19 09:24:00+05:30,2026-05-19 09:24:00+05:30,23743.0,23755.25,23738.4,23748.95,2446248.0
2026-05-19 09:25:00+05:30,2026-05-19 09:25:00+05:30,23749.05,23753.0,23746.15,23752.05,1906115.0
2026-05-19 09:26:00+05:30,2026-05-19 09:26:00+05:30,23754.05,23759.3,23747.35,23749.85,1743341.0
2026-05-19 09:27:00+05:30,2026-05-19 09:27:00+05:30,23749.7,23765.65,23748.65,23759.45,1568126.0
2026-05-19 09:28:00+05:30,2026-05-19 09:28:00+05:30,23759.0,23763.6,23746.8,23752.45,1282224.0
2026-05-19 09:29:00+05:30,2026-05-19 09:29:00+05:30,23751.75,23759.25,23747.05,23756.9,1740300.0
2026-05-19 09:30:00+05:30,2026-05-19 09:30:00+05:30,23759.6,23768.95,23756.3,23756.7,2142094.0
2026-05-19 09:31:00+05:30,2026-05-19 09:31:00+05:30,23752.75,23756.05,23737.9,23747.45,1659737.0
2026-05-19 09:32:00+05:30,2026-05-19 09:32:00+05:30,23747.8,23751.55,23728.0,23728.0,1485956.0
2026-05-19 09:33:00+05:30,2026-05-19 09:33:00+05:30,23727.8,23729.0,23704.5,23705.9,1508247.0
2026-05-19 09:34:00+05:30,2026-05-19 09:34:00+05:30,23705.6,23707.2,23683.55,23684.0,1579681.0
2026-05-19 09:35:00+05:30,2026-05-19 09:35:00+05:30,23684.0,23687.6,23663.9,23670.8,1885421.0
2026-05-19 09:36:00+05:30,2026-05-19 09:36:00+05:30,23667.05,23677.9,23647.4,23675.8,1926119.0
2026-05-19 09:37:00+05:30,2026-05-19 09:37:00+05:30,23677.35,23691.95,23674.15,23691.95,1301931.0
2026-05-19 09:38:00+05:30,2026-05-19 09:38:00+05:30,23691.45,23707.7,23684.7,23687.3,1309996.0
2026-05-19 09:39:00+05:30,2026-05-19 09:39:00+05:30,23688.65,23706.15,23688.05,23706.15,969098.0
2026-05-19 09:40:00+05:30,2026-05-19 09:40:00+05:30,23706.75,23727.85,23706.75,23725.75,1022140.0
2026-05-19 09:41:00+05:30,2026-05-19 09:41:00+05:30,23726.3,23732.6,23720.45,23726.4,1660529.0
2026-05-19 09:42:00+05:30,2026-05-19 09:42:00+05:30,23727.35,23740.15,23721.6,23739.25,1246703.0
2026-05-19 09:43:00+05:30,2026-05-19 09:43:00+05:30,23738.9,23755.6,23738.9,23749.8,1202339.0
2026-05-19 09:44:00+05:30,2026-05-19 09:44:00+05:30,23750.7,23757.9,23749.2,23749.2,981818.0
2026-05-19 09:45:00+05:30,2026-05-19 09:45:00+05:30,23751.2,23751.7,23735.9,23737.25,1239757.0
2026-05-19 09:46:00+05:30,2026-05-19 09:46:00+05:30,23737.45,23739.65,23724.85,23726.5,1075369.0
2026-05-19 09:47:00+05:30,2026-05-19 09:47:00+05:30,23727.05,23732.15,23723.85,23730.55,829622.0
2026-05-19 09:48:00+05:30,2026-05-19 09:48:00+05:30,23730.2,23732.65,23713.45,23714.1,1205465.0
2026-05-19 09:49:00+05:30,2026-05-19 09:49:00+05:30,23713.75,23715.05,23706.1,23714.15,993872.0
2026-05-19 09:50:00+05:30,2026-05-19 09:50:00+05:30,23716.05,23722.15,23712.5,23718.75,1046919.0
2026-05-19 09:51:00+05:30,2026-05-19 09:51:00+05:30,23719.55,23719.85,23700.15,23703.6,833337.0
2026-05-19 09:52:00+05:30,2026-05-19 09:52:00+05:30,23703.1,23706.0,23693.2,23696.7,3546582.0
2026-05-19 09:53:00+05:30,2026-05-19 09:53:00+05:30,23696.75,23700.15,23689.35,23692.55,20671960.0
2026-05-19 09:54:00+05:30,2026-05-19 09:54:00+05:30,23693.9,23701.75,23693.4,23696.0,1138132.0
2026-05-19 09:55:00+05:30,2026-05-19 09:55:00+05:30,23695.05,23696.9,23681.5,23688.55,977699.0
2026-05-19 09:56:00+05:30,2026-05-19 09:56:00+05:30,23690.65,23690.65,23683.6,23687.5,1051067.0
2026-05-19 09:57:00+05:30,2026-05-19 09:57:00+05:30,23688.0,23697.3,23686.55,23695.55,761810.0
2026-05-19 09:58:00+05:30,2026-05-19 09:58:00+05:30,23696.45,23703.8,23691.5,23691.9,796957.0
2026-05-19 09:59:00+05:30,2026-05-19 09:59:00+05:30,23691.8,23693.95,23677.6,23678.15,1028375.0
2026-05-19 10:00:00+05:30,2026-05-19 10:00:00+05:30,23679.0,23690.7,23678.15,23690.25,871122.0
2026-05-19 10:01:00+05:30,2026-05-19 10:01:00+05:30,23690.7,23710.15,23689.65,23709.2,830195.0
2026-05-19 10:02:00+05:30,2026-05-19 10:02:00+05:30,23712.15,23721.0,23706.3,23717.05,4276382.0
2026-05-19 10:03:00+05:30,2026-05-19 10:03:00+05:30,23716.6,23718.4,23707.95,23710.7,1201577.0
2026-05-19 10:04:00+05:30,2026-05-19 10:04:00+05:30,23711.85,23716.15,23696.05,23699.25,1372616.0
2026-05-19 10:05:00+05:30,2026-05-19 10:05:00+05:30,23699.85,23727.5,23696.5,23724.45,1624073.0
2026-05-19 10:06:00+05:30,2026-05-19 10:06:00+05:30,23724.25,23728.8,23722.2,23728.0,1065203.0
2026-05-19 10:07:00+05:30,2026-05-19 10:07:00+05:30,23728.7,23730.05,23708.2,23713.55,1026923.0
2026-05-19 10:08:00+05:30,2026-05-19 10:08:00+05:30,23714.15,23728.85,23714.15,23726.0,945447.0
2026-05-19 10:09:00+05:30,2026-05-19 10:09:00+05:30,23726.3,23730.2,23722.8,23722.8,883196.0
2026-05-19 10:10:00+05:30,2026-05-19 10:10:00+05:30,23723.9,23735.2,23720.9,23734.55,910958.0
2026-05-19 10:11:00+05:30,2026-05-19 10:11:00+05:30,23734.15,23755.3,23734.15,23752.25,1427939.0
2026-05-19 10:12:00+05:30,2026-05-19 10:12:00+05:30,23750.7,23762.9,23750.7,23754.75,1034251.0
2026-05-19 10:13:00+05:30,2026-05-19 10:13:00+05:30,23754.5,23760.35,23752.1,23758.25,787161.0
2026-05-19 10:14:00+05:30,2026-05-19 10:14:00+05:30,23758.55,23761.05,23753.2,23753.45,762742.0
2026-05-19 10:15:00+05:30,2026-05-19 10:15:00+05:30,23753.75,23762.55,23753.15,23761.0,758605.0
2026-05-19 10:16:00+05:30,2026-05-19 10:16:00+05:30,23762.0,23762.6,23747.8,23748.3,1010569.0
2026-05-19 10:17:00+05:30,2026-05-19 10:17:00+05:30,23751.1,23754.95,23746.2,23746.7,930428.0
2026-05-19 10:18:00+05:30,2026-05-19 10:18:00+05:30,23748.0,23748.55,23734.9,23740.65,812254.0
2026-05-19 10:19:00+05:30,2026-05-19 10:19:00+05:30,23740.6,23742.0,23724.9,23725.7,757233.0
2026-05-19 10:20:00+05:30,2026-05-19 10:20:00+05:30,23726.5,23736.6,23724.0,23735.1,766089.0
2026-05-19 10:21:00+05:30,2026-05-19 10:21:00+05:30,23735.45,23738.6,23729.9,23738.6,686233.0
2026-05-19 10:22:00+05:30,2026-05-19 10:22:00+05:30,23739.55,23743.2,23731.85,23733.6,573748.0
2026-05-19 10:23:00+05:30,2026-05-19 10:23:00+05:30,23734.1,23739.5,23730.5,23734.2,559487.0
2026-05-19 10:24:00+05:30,2026-05-19 10:24:00+05:30,23734.75,23743.3,23734.75,23739.2,496842.0
2026-05-19 10:25:00+05:30,2026-05-19 10:25:00+05:30,23740.75,23745.75,23739.1,23740.45,602510.0
2026-05-19 10:26:00+05:30,2026-05-19 10:26:00+05:30,23742.05,23753.75,23740.95,23753.75,583552.0
2026-05-19 10:27:00+05:30,2026-05-19 10:27:00+05:30,23754.15,23756.75,23752.2,23755.4,690299.0
2026-05-19 10:28:00+05:30,2026-05-19 10:28:00+05:30,23754.85,23756.15,23745.1,23745.4,685244.0
2026-05-19 10:29:00+05:30,2026-05-19 10:29:00+05:30,23746.75,23753.85,23744.25,23751.05,897030.0
2026-05-19 10:30:00+05:30,2026-05-19 10:30:00+05:30,23751.05,23757.65,23750.85,23752.65,595861.0
2026-05-19 10:31:00+05:30,2026-05-19 10:31:00+05:30,23752.8,23753.95,23750.55,23753.4,608824.0
2026-05-19 10:32:00+05:30,2026-05-19 10:32:00+05:30,23754.05,23757.85,23744.95,23745.6,897313.0
2026-05-19 10:33:00+05:30,2026-05-19 10:33:00+05:30,23746.45,23746.45,23735.75,23742.25,1134281.0
2026-05-19 10:34:00+05:30,2026-05-19 10:34:00+05:30,23743.9,23752.65,23743.1,23744.85,1512368.0
2026-05-19 10:35:00+05:30,2026-05-19 10:35:00+05:30,23745.95,23747.05,23738.6,23742.65,874621.0
2026-05-19 10:36:00+05:30,2026-05-19 10:36:00+05:30,23743.65,23745.25,23734.2,23735.35,732826.0
2026-05-19 10:37:00+05:30,2026-05-19 10:37:00+05:30,23735.8,23752.1,23735.8,23751.35,1161129.0
2026-05-19 10:38:00+05:30,2026-05-19 10:38:00+05:30,23751.65,23752.65,23746.25,23746.5,977849.0
2026-05-19 10:39:00+05:30,2026-05-19 10:39:00+05:30,23746.8,23754.05,23746.45,23753.15,790688.0
2026-05-19 10:40:00+05:30,2026-05-19 10:40:00+05:30,23754.0,23758.0,23748.1,23756.15,1037173.0
2026-05-19 10:41:00+05:30,2026-05-19 10:41:00+05:30,23756.75,23756.75,23745.85,23746.4,824375.0
2026-05-19 10:42:00+05:30,2026-05-19 10:42:00+05:30,23747.25,23760.9,23743.15,23760.6,1268991.0
2026-05-19 10:43:00+05:30,2026-05-19 10:43:00+05:30,23761.0,23764.75,23753.2,23755.35,734703.0
2026-05-19 10:44:00+05:30,2026-05-19 10:44:00+05:30,23755.7,23765.15,23751.9,23764.75,897328.0
2026-05-19 10:45:00+05:30,2026-05-19 10:45:00+05:30,23765.3,23771.7,23764.05,23771.15,1010372.0
2026-05-19 10:46:00+05:30,2026-05-19 10:46:00+05:30,23771.1,23774.75,23769.8,23772.15,920142.0
2026-05-19 10:47:00+05:30,2026-05-19 10:47:00+05:30,23772.8,23772.8,23758.5,23759.7,1364653.0
2026-05-19 10:48:00+05:30,2026-05-19 10:48:00+05:30,23759.45,23759.45,23752.4,23753.75,642039.0
2026-05-19 10:49:00+05:30,2026-05-19 10:49:00+05:30,23754.25,23758.25,23750.4,23757.05,707974.0
2026-05-19 10:50:00+05:30,2026-05-19 10:50:00+05:30,23757.45,23765.7,23754.15,23765.2,889911.0
2026-05-19 10:51:00+05:30,2026-05-19 10:51:00+05:30,23765.7,23767.55,23755.45,23757.35,678991.0
2026-05-19 10:52:00+05:30,2026-05-19 10:52:00+05:30,23758.0,23764.15,23757.05,23759.0,825475.0
2026-05-19 10:53:00+05:30,2026-05-19 10:53:00+05:30,23760.5,23760.5,23740.65,23742.65,1204803.0
2026-05-19 10:54:00+05:30,2026-05-19 10:54:00+05:30,23742.7,23743.45,23724.9,23742.1,1037868.0
2026-05-19 10:55:00+05:30,2026-05-19 10:55:00+05:30,23742.3,23756.05,23741.15,23755.75,656056.0
2026-05-19 10:56:00+05:30,2026-05-19 10:56:00+05:30,23754.4,23764.85,23753.8,23763.0,1021529.0
2026-05-19 10:57:00+05:30,2026-05-19 10:57:00+05:30,23763.75,23774.6,23763.0,23774.0,798832.0
2026-05-19 10:58:00+05:30,2026-05-19 10:58:00+05:30,23774.8,23781.1,23774.6,23779.3,732949.0
2026-05-19 10:59:00+05:30,2026-05-19 10:59:00+05:30,23779.45,23782.3,23770.55,23771.65,1261628.0
2026-05-19 11:00:00+05:30,2026-05-19 11:00:00+05:30,23771.95,23774.95,23770.1,23771.3,808569.0
2026-05-19 11:01:00+05:30,2026-05-19 11:01:00+05:30,23771.9,23772.1,23760.05,23760.8,1196293.0
2026-05-19 11:02:00+05:30,2026-05-19 11:02:00+05:30,23762.05,23762.05,23748.95,23748.95,900378.0
2026-05-19 11:03:00+05:30,2026-05-19 11:03:00+05:30,23748.6,23753.6,23744.1,23753.05,1385476.0
2026-05-19 11:04:00+05:30,2026-05-19 11:04:00+05:30,23755.1,23758.35,23749.85,23751.55,655545.0
2026-05-19 11:05:00+05:30,2026-05-19 11:05:00+05:30,23752.65,23752.65,23738.45,23748.7,978143.0
2026-05-19 11:06:00+05:30,2026-05-19 11:06:00+05:30,23749.95,23752.0,23742.65,23745.85,733546.0
2026-05-19 11:07:00+05:30,2026-05-19 11:07:00+05:30,23746.55,23750.25,23743.6,23744.55,1019478.0
2026-05-19 11:08:00+05:30,2026-05-19 11:08:00+05:30,23746.15,23746.5,23739.7,23743.3,715904.0
2026-05-19 11:09:00+05:30,2026-05-19 11:09:00+05:30,23744.75,23746.0,23741.3,23743.85,1103262.0
2026-05-19 11:10:00+05:30,2026-05-19 11:10:00+05:30,23745.25,23749.75,23742.25,23744.05,1266147.0
2026-05-19 11:11:00+05:30,2026-05-19 11:11:00+05:30,23745.6,23754.0,23738.15,23739.45,1204182.0
2026-05-19 11:12:00+05:30,2026-05-19 11:12:00+05:30,23739.5,23749.8,23739.5,23748.4,925430.0
2026-05-19 11:13:00+05:30,2026-05-19 11:13:00+05:30,23748.1,23749.5,23737.5,23738.65,1903488.0
2026-05-19 11:14:00+05:30,2026-05-19 11:14:00+05:30,23739.4,23739.4,23718.1,23720.1,1273279.0
2026-05-19 11:15:00+05:30,2026-05-19 11:15:00+05:30,23719.75,23721.55,23705.3,23707.45,1781399.0
2026-05-19 11:16:00+05:30,2026-05-19 11:16:00+05:30,23706.8,23713.45,23695.35,23708.6,1314485.0
2026-05-19 11:17:00+05:30,2026-05-19 11:17:00+05:30,23709.1,23709.1,23699.4,23703.5,859477.0
2026-05-19 11:18:00+05:30,2026-05-19 11:18:00+05:30,23704.65,23708.8,23702.3,23705.45,828333.0
2026-05-19 11:19:00+05:30,2026-05-19 11:19:00+05:30,23705.35,23714.1,23705.15,23708.0,659626.0
2026-05-19 11:20:00+05:30,2026-05-19 11:20:00+05:30,23709.25,23711.55,23705.25,23706.65,581378.0
2026-05-19 11:21:00+05:30,2026-05-19 11:21:00+05:30,23707.6,23711.3,23699.4,23700.5,865211.0
2026-05-19 11:22:00+05:30,2026-05-19 11:22:00+05:30,23700.95,23706.0,23698.45,23705.35,575614.0
2026-05-19 11:23:00+05:30,2026-05-19 11:23:00+05:30,23706.7,23711.85,23703.75,23711.0,981032.0
2026-05-19 11:24:00+05:30,2026-05-19 11:24:00+05:30,23711.55,23721.4,23710.6,23713.75,626135.0
2026-05-19 11:25:00+05:30,2026-05-19 11:25:00+05:30,23714.35,23716.55,23711.65,23713.9,850645.0
2026-05-19 11:26:00+05:30,2026-05-19 11:26:00+05:30,23714.6,23717.7,23711.3,23711.3,873251.0
2026-05-19 11:27:00+05:30,2026-05-19 11:27:00+05:30,23710.9,23714.95,23707.05,23714.75,1178429.0
2026-05-19 11:28:00+05:30,2026-05-19 11:28:00+05:30,23714.25,23720.9,23713.35,23718.9,686614.0
2026-05-19 11:29:00+05:30,2026-05-19 11:29:00+05:30,23720.7,23728.35,23718.1,23727.85,934888.0
2026-05-19 11:30:00+05:30,2026-05-19 11:30:00+05:30,23728.15,23728.15,23717.05,23717.65,932887.0
2026-05-19 11:31:00+05:30,2026-05-19 11:31:00+05:30,23717.95,23728.1,23715.7,23721.45,892420.0
2026-05-19 11:32:00+05:30,2026-05-19 11:32:00+05:30,23721.7,23722.6,23705.05,23711.7,1355788.0
2026-05-19 11:33:00+05:30,2026-05-19 11:33:00+05:30,23713.75,23718.8,23708.65,23718.8,1122046.0
2026-05-19 11:34:00+05:30,2026-05-19 11:34:00+05:30,23718.8,23718.95,23709.1,23718.2,903048.0
2026-05-19 11:35:00+05:30,2026-05-19 11:35:00+05:30,23720.7,23720.7,23707.35,23709.3,703291.0
2026-05-19 11:36:00+05:30,2026-05-19 11:36:00+05:30,23710.55,23712.5,23706.8,23707.9,1155950.0
2026-05-19 11:37:00+05:30,2026-05-19 11:37:00+05:30,23708.9,23712.35,23704.85,23711.9,864089.0
2026-05-19 11:38:00+05:30,2026-05-19 11:38:00+05:30,23713.15,23721.7,23710.25,23720.55,910842.0
2026-05-19 11:39:00+05:30,2026-05-19 11:39:00+05:30,23720.0,23728.5,23718.9,23724.15,912864.0
2026-05-19 11:40:00+05:30,2026-05-19 11:40:00+05:30,23725.25,23737.5,23721.7,23734.0,723107.0
2026-05-19 11:41:00+05:30,2026-05-19 11:41:00+05:30,23735.5,23742.95,23734.95,23739.95,909124.0
2026-05-19 11:42:00+05:30,2026-05-19 11:42:00+05:30,23740.0,23744.5,23737.6,23744.5,622161.0
2026-05-19 11:43:00+05:30,2026-05-19 11:43:00+05:30,23744.6,23754.75,23741.15,23752.4,908269.0
2026-05-19 11:44:00+05:30,2026-05-19 11:44:00+05:30,23752.75,23753.5,23747.3,23750.05,859310.0
2026-05-19 11:45:00+05:30,2026-05-19 11:45:00+05:30,23752.2,23752.2,23746.95,23749.9,691652.0
2026-05-19 11:46:00+05:30,2026-05-19 11:46:00+05:30,23750.2,23755.2,23745.7,23754.9,772592.0
2026-05-19 11:47:00+05:30,2026-05-19 11:47:00+05:30,23755.95,23760.25,23754.55,23758.9,523632.0
2026-05-19 11:48:00+05:30,2026-05-19 11:48:00+05:30,23760.35,23763.75,23756.4,23757.35,615721.0
2026-05-19 11:49:00+05:30,2026-05-19 11:49:00+05:30,23758.0,23761.8,23751.65,23754.35,646963.0
2026-05-19 11:50:00+05:30,2026-05-19 11:50:00+05:30,23754.4,23757.95,23754.2,23756.6,915515.0
2026-05-19 11:51:00+05:30,2026-05-19 11:51:00+05:30,23756.6,23760.45,23755.5,23756.55,967513.0
2026-05-19 11:52:00+05:30,2026-05-19 11:52:00+05:30,23757.2,23758.55,23754.5,23757.5,572935.0
2026-05-19 11:53:00+05:30,2026-05-19 11:53:00+05:30,23757.6,23762.5,23756.7,23761.3,784406.0
2026-05-19 11:54:00+05:30,2026-05-19 11:54:00+05:30,23763.85,23763.85,23758.95,23760.15,571556.0
2026-05-19 11:55:00+05:30,2026-05-19 11:55:00+05:30,23760.95,23761.1,23757.4,23759.25,696340.0
2026-05-19 11:56:00+05:30,2026-05-19 11:56:00+05:30,23760.3,23767.2,23757.45,23766.95,1072972.0
2026-05-19 11:57:00+05:30,2026-05-19 11:57:00+05:30,23768.15,23772.75,23762.0,23762.5,975716.0
2026-05-19 11:58:00+05:30,2026-05-19 11:58:00+05:30,23763.85,23763.85,23755.55,23755.8,770838.0
2026-05-19 11:59:00+05:30,2026-05-19 11:59:00+05:30,23757.25,23758.75,23752.9,23754.95,803574.0
2026-05-19 12:00:00+05:30,2026-05-19 12:00:00+05:30,23754.65,23755.6,23747.25,23749.8,746450.0
2026-05-19 12:01:00+05:30,2026-05-19 12:01:00+05:30,23750.6,23750.9,23738.15,23738.8,784425.0
2026-05-19 12:02:00+05:30,2026-05-19 12:02:00+05:30,23741.0,23743.5,23733.75,23741.75,861491.0
2026-05-19 12:03:00+05:30,2026-05-19 12:03:00+05:30,23742.85,23753.75,23741.3,23749.65,1052187.0
2026-05-19 12:04:00+05:30,2026-05-19 12:04:00+05:30,23750.35,23750.35,23736.65,23741.4,693301.0
2026-05-19 12:05:00+05:30,2026-05-19 12:05:00+05:30,23742.8,23747.35,23738.75,23745.55,783764.0
2026-05-19 12:06:00+05:30,2026-05-19 12:06:00+05:30,23746.55,23747.65,23740.8,23745.05,599885.0
2026-05-19 12:07:00+05:30,2026-05-19 12:07:00+05:30,23745.95,23747.95,23734.8,23736.05,702639.0
2026-05-19 12:08:00+05:30,2026-05-19 12:08:00+05:30,23737.9,23745.9,23734.65,23745.1,772392.0
2026-05-19 12:09:00+05:30,2026-05-19 12:09:00+05:30,23746.9,23746.9,23740.2,23741.45,703442.0
2026-05-19 12:10:00+05:30,2026-05-19 12:10:00+05:30,23742.2,23749.25,23739.8,23747.3,751483.0
2026-05-19 12:11:00+05:30,2026-05-19 12:11:00+05:30,23747.05,23748.85,23741.65,23745.0,644733.0
2026-05-19 12:12:00+05:30,2026-05-19 12:12:00+05:30,23747.05,23749.1,23743.0,23748.65,652194.0
2026-05-19 12:13:00+05:30,2026-05-19 12:13:00+05:30,23749.7,23749.7,23743.3,23747.4,682636.0
2026-05-19 12:14:00+05:30,2026-05-19 12:14:00+05:30,23748.95,23748.95,23741.85,23743.05,885108.0
2026-05-19 12:15:00+05:30,2026-05-19 12:15:00+05:30,23744.55,23744.55,23740.0,23741.55,767399.0
2026-05-19 12:16:00+05:30,2026-05-19 12:16:00+05:30,23742.25,23742.25,23736.05,23737.35,622108.0
2026-05-19 12:17:00+05:30,2026-05-19 12:17:00+05:30,23739.3,23739.3,23731.2,23732.7,660403.0
2026-05-19 12:18:00+05:30,2026-05-19 12:18:00+05:30,23732.65,23739.05,23730.7,23738.75,486802.0
2026-05-19 12:19:00+05:30,2026-05-19 12:19:00+05:30,23740.7,23747.55,23740.4,23744.55,516445.0
2026-05-19 12:20:00+05:30,2026-05-19 12:20:00+05:30,23746.3,23752.35,23744.1,23752.15,575536.0
2026-05-19 12:21:00+05:30,2026-05-19 12:21:00+05:30,23752.5,23753.8,23746.6,23746.75,616678.0
2026-05-19 12:22:00+05:30,2026-05-19 12:22:00+05:30,23748.75,23748.75,23738.85,23738.85,609422.0
2026-05-19 12:23:00+05:30,2026-05-19 12:23:00+05:30,23740.5,23740.5,23731.95,23732.2,700451.0
2026-05-19 12:24:00+05:30,2026-05-19 12:24:00+05:30,23734.15,23734.35,23727.45,23733.75,674075.0
2026-05-19 12:25:00+05:30,2026-05-19 12:25:00+05:30,23733.6,23736.9,23724.35,23725.25,1274068.0
2026-05-19 12:26:00+05:30,2026-05-19 12:26:00+05:30,23724.25,23738.05,23724.25,23736.9,730226.0
2026-05-19 12:27:00+05:30,2026-05-19 12:27:00+05:30,23738.8,23738.8,23733.95,23737.75,899963.0
2026-05-19 12:28:00+05:30,2026-05-19 12:28:00+05:30,23738.75,23743.95,23736.7,23743.75,583521.0
2026-05-19 12:29:00+05:30,2026-05-19 12:29:00+05:30,23746.1,23755.5,23745.85,23752.55,769327.0
2026-05-19 12:30:00+05:30,2026-05-19 12:30:00+05:30,23752.4,23753.75,23739.75,23744.15,622972.0
2026-05-19 12:31:00+05:30,2026-05-19 12:31:00+05:30,23744.2,23747.1,23739.35,23739.85,844647.0
2026-05-19 12:32:00+05:30,2026-05-19 12:32:00+05:30,23740.9,23741.35,23730.95,23732.95,909307.0
2026-05-19 12:33:00+05:30,2026-05-19 12:33:00+05:30,23733.8,23735.45,23729.55,23735.05,964715.0
2026-05-19 12:34:00+05:30,2026-05-19 12:34:00+05:30,23736.55,23739.5,23735.25,23736.0,412217.0
2026-05-19 12:35:00+05:30,2026-05-19 12:35:00+05:30,23737.1,23737.1,23731.5,23732.7,444726.0
2026-05-19 12:36:00+05:30,2026-05-19 12:36:00+05:30,23732.9,23734.1,23722.15,23727.35,754969.0
2026-05-19 12:37:00+05:30,2026-05-19 12:37:00+05:30,23728.05,23740.2,23728.05,23739.6,1007420.0
2026-05-19 12:38:00+05:30,2026-05-19 12:38:00+05:30,23740.75,23740.95,23736.25,23736.6,478813.0
2026-05-19 12:39:00+05:30,2026-05-19 12:39:00+05:30,23737.4,23743.2,23736.55,23740.7,730737.0
2026-05-19 12:40:00+05:30,2026-05-19 12:40:00+05:30,23741.65,23741.8,23737.7,23739.9,710908.0
2026-05-19 12:41:00+05:30,2026-05-19 12:41:00+05:30,23740.95,23741.7,23735.05,23735.3,679176.0
2026-05-19 12:42:00+05:30,2026-05-19 12:42:00+05:30,23736.55,23740.6,23734.9,23735.5,686425.0
2026-05-19 12:43:00+05:30,2026-05-19 12:43:00+05:30,23736.35,23736.6,23726.9,23730.65,621458.0
2026-05-19 12:44:00+05:30,2026-05-19 12:44:00+05:30,23733.0,23738.6,23731.05,23738.05,661609.0
2026-05-19 12:45:00+05:30,2026-05-19 12:45:00+05:30,23738.65,23743.2,23737.6,23740.55,860844.0
2026-05-19 12:46:00+05:30,2026-05-19 12:46:00+05:30,23741.2,23741.9,23737.45,23739.5,664754.0
2026-05-19 12:47:00+05:30,2026-05-19 12:47:00+05:30,23741.85,23741.85,23735.25,23736.35,738785.0
2026-05-19 12:48:00+05:30,2026-05-19 12:48:00+05:30,23737.15,23737.2,23721.0,23725.1,986260.0
2026-05-19 12:49:00+05:30,2026-05-19 12:49:00+05:30,23725.75,23731.8,23722.25,23727.6,996276.0
2026-05-19 12:50:00+05:30,2026-05-19 12:50:00+05:30,23729.65,23729.65,23722.8,23724.95,1841463.0
2026-05-19 12:51:00+05:30,2026-05-19 12:51:00+05:30,23726.65,23729.35,23723.55,23726.7,814124.0
2026-05-19 12:52:00+05:30,2026-05-19 12:52:00+05:30,23726.0,23729.75,23722.55,23725.4,790835.0
2026-05-19 12:53:00+05:30,2026-05-19 12:53:00+05:30,23725.35,23726.6,23719.3,23723.9,575384.0
2026-05-19 12:54:00+05:30,2026-05-19 12:54:00+05:30,23725.85,23731.7,23722.95,23728.45,803556.0
2026-05-19 12:55:00+05:30,2026-05-19 12:55:00+05:30,23729.4,23730.25,23723.8,23725.2,546448.0
2026-05-19 12:56:00+05:30,2026-05-19 12:56:00+05:30,23725.3,23726.75,23721.85,23726.7,444356.0
2026-05-19 12:57:00+05:30,2026-05-19 12:57:00+05:30,23727.3,23732.15,23725.7,23728.65,613798.0
2026-05-19 12:58:00+05:30,2026-05-19 12:58:00+05:30,23730.25,23730.25,23725.55,23726.8,656567.0
2026-05-19 12:59:00+05:30,2026-05-19 12:59:00+05:30,23727.4,23728.35,23722.55,23723.9,446622.0
2026-05-19 13:00:00+05:30,2026-05-19 13:00:00+05:30,23725.25,23726.0,23721.2,23725.85,563621.0
2026-05-19 13:01:00+05:30,2026-05-19 13:01:00+05:30,23727.45,23729.85,23726.6,23729.25,470657.0
2026-05-19 13:02:00+05:30,2026-05-19 13:02:00+05:30,23730.65,23735.75,23729.3,23729.95,511493.0
2026-05-19 13:03:00+05:30,2026-05-19 13:03:00+05:30,23731.05,23731.2,23719.7,23719.9,513436.0
2026-05-19 13:04:00+05:30,2026-05-19 13:04:00+05:30,23720.2,23720.2,23711.65,23713.55,662433.0
2026-05-19 13:05:00+05:30,2026-05-19 13:05:00+05:30,23713.35,23718.5,23710.75,23713.65,661063.0
2026-05-19 13:06:00+05:30,2026-05-19 13:06:00+05:30,23713.8,23713.95,23707.05,23708.8,614739.0
2026-05-19 13:07:00+05:30,2026-05-19 13:07:00+05:30,23710.1,23714.1,23707.65,23710.95,565066.0
2026-05-19 13:08:00+05:30,2026-05-19 13:08:00+05:30,23712.05,23726.3,23711.7,23725.7,644930.0
2026-05-19 13:09:00+05:30,2026-05-19 13:09:00+05:30,23726.45,23729.45,23722.95,23724.75,596196.0
2026-05-19 13:10:00+05:30,2026-05-19 13:10:00+05:30,23724.8,23724.9,23711.8,23712.4,712790.0
2026-05-19 13:11:00+05:30,2026-05-19 13:11:00+05:30,23713.9,23718.1,23706.1,23714.0,627836.0
2026-05-19 13:12:00+05:30,2026-05-19 13:12:00+05:30,23714.85,23716.85,23711.7,23715.35,546684.0
2026-05-19 13:13:00+05:30,2026-05-19 13:13:00+05:30,23716.2,23716.2,23711.05,23714.1,713973.0
2026-05-19 13:14:00+05:30,2026-05-19 13:14:00+05:30,23714.05,23717.45,23708.45,23709.2,409953.0
2026-05-19 13:15:00+05:30,2026-05-19 13:15:00+05:30,23708.35,23711.25,23701.45,23711.25,497704.0
2026-05-19 13:16:00+05:30,2026-05-19 13:16:00+05:30,23711.7,23716.0,23710.8,23713.3,586878.0
2026-05-19 13:17:00+05:30,2026-05-19 13:17:00+05:30,23713.9,23719.75,23713.9,23718.3,458783.0
2026-05-19 13:18:00+05:30,2026-05-19 13:18:00+05:30,23719.75,23738.5,23719.05,23737.4,896826.0
2026-05-19 13:19:00+05:30,2026-05-19 13:19:00+05:30,23738.3,23738.85,23727.35,23728.9,567397.0
2026-05-19 13:20:00+05:30,2026-05-19 13:20:00+05:30,23730.1,23732.4,23721.75,23730.8,572644.0
2026-05-19 13:21:00+05:30,2026-05-19 13:21:00+05:30,23731.1,23731.1,23722.95,23727.7,437464.0
2026-05-19 13:22:00+05:30,2026-05-19 13:22:00+05:30,23728.95,23730.6,23724.0,23725.85,544730.0
2026-05-19 13:23:00+05:30,2026-05-19 13:23:00+05:30,23725.95,23727.65,23722.5,23722.7,497412.0
2026-05-19 13:24:00+05:30,2026-05-19 13:24:00+05:30,23723.45,23732.85,23721.5,23732.85,568950.0
2026-05-19 13:25:00+05:30,2026-05-19 13:25:00+05:30,23733.75,23733.75,23727.1,23729.85,617931.0
2026-05-19 13:26:00+05:30,2026-05-19 13:26:00+05:30,23730.4,23732.5,23728.45,23728.45,565734.0
2026-05-19 13:27:00+05:30,2026-05-19 13:27:00+05:30,23729.85,23730.75,23723.2,23726.85,567726.0
2026-05-19 13:28:00+05:30,2026-05-19 13:28:00+05:30,23727.7,23728.45,23720.85,23728.35,660268.0
2026-05-19 13:29:00+05:30,2026-05-19 13:29:00+05:30,23730.25,23730.25,23722.6,23724.6,623641.0
2026-05-19 13:30:00+05:30,2026-05-19 13:30:00+05:30,23724.85,23742.8,23723.65,23741.4,898558.0
2026-05-19 13:31:00+05:30,2026-05-19 13:31:00+05:30,23741.15,23743.3,23733.35,23735.1,520318.0
2026-05-19 13:32:00+05:30,2026-05-19 13:32:00+05:30,23736.15,23736.15,23726.95,23732.7,659537.0
2026-05-19 13:33:00+05:30,2026-05-19 13:33:00+05:30,23733.6,23736.35,23728.3,23734.0,948414.0
2026-05-19 13:34:00+05:30,2026-05-19 13:34:00+05:30,23733.8,23734.35,23726.6,23730.9,721051.0
2026-05-19 13:35:00+05:30,2026-05-19 13:35:00+05:30,23731.8,23731.8,23722.25,23722.7,934711.0
2026-05-19 13:36:00+05:30,2026-05-19 13:36:00+05:30,23722.95,23723.85,23706.7,23710.4,969774.0
2026-05-19 13:37:00+05:30,2026-05-19 13:37:00+05:30,23712.1,23717.0,23696.95,23697.6,1124541.0
2026-05-19 13:38:00+05:30,2026-05-19 13:38:00+05:30,23697.1,23697.1,23685.85,23696.2,1326770.0
2026-05-19 13:39:00+05:30,2026-05-19 13:39:00+05:30,23697.7,23710.6,23696.05,23709.15,761703.0
2026-05-19 13:40:00+05:30,2026-05-19 13:40:00+05:30,23710.35,23710.35,23700.75,23703.2,746397.0
2026-05-19 13:41:00+05:30,2026-05-19 13:41:00+05:30,23704.5,23704.55,23694.35,23695.4,782822.0
2026-05-19 13:42:00+05:30,2026-05-19 13:42:00+05:30,23696.8,23705.75,23694.65,23705.7,637836.0
2026-05-19 13:43:00+05:30,2026-05-19 13:43:00+05:30,23706.85,23707.05,23694.9,23695.95,474485.0
2026-05-19 13:44:00+05:30,2026-05-19 13:44:00+05:30,23697.0,23698.75,23694.7,23696.85,428584.0
2026-05-19 13:45:00+05:30,2026-05-19 13:45:00+05:30,23697.3,23706.2,23695.9,23703.5,975613.0
2026-05-19 13:46:00+05:30,2026-05-19 13:46:00+05:30,23704.15,23709.45,23702.75,23705.45,946748.0
2026-05-19 13:47:00+05:30,2026-05-19 13:47:00+05:30,23706.2,23709.7,23704.65,23708.75,807961.0
2026-05-19 13:48:00+05:30,2026-05-19 13:48:00+05:30,23708.75,23714.85,23702.0,23713.7,1462826.0
2026-05-19 13:49:00+05:30,2026-05-19 13:49:00+05:30,23713.7,23716.0,23703.35,23704.5,1031378.0
2026-05-19 13:50:00+05:30,2026-05-19 13:50:00+05:30,23705.65,23706.1,23701.8,23704.2,633875.0
2026-05-19 13:51:00+05:30,2026-05-19 13:51:00+05:30,23704.85,23704.9,23697.35,23700.1,691260.0
2026-05-19 13:52:00+05:30,2026-05-19 13:52:00+05:30,23702.4,23710.45,23699.6,23709.95,964754.0
2026-05-19 13:53:00+05:30,2026-05-19 13:53:00+05:30,23711.2,23711.4,23701.95,23702.15,705999.0
2026-05-19 13:54:00+05:30,2026-05-19 13:54:00+05:30,23703.2,23704.6,23698.3,23699.55,1036542.0
2026-05-19 13:55:00+05:30,2026-05-19 13:55:00+05:30,23700.6,23700.6,23692.0,23697.55,820220.0
2026-05-19 13:56:00+05:30,2026-05-19 13:56:00+05:30,23698.15,23699.4,23686.2,23690.2,794617.0
2026-05-19 13:57:00+05:30,2026-05-19 13:57:00+05:30,23693.0,23697.3,23676.35,23678.9,1314542.0
2026-05-19 13:58:00+05:30,2026-05-19 13:58:00+05:30,23680.0,23682.5,23674.0,23682.15,740462.0
2026-05-19 13:59:00+05:30,2026-05-19 13:59:00+05:30,23683.3,23694.25,23682.25,23689.1,952652.0
2026-05-19 14:00:00+05:30,2026-05-19 14:00:00+05:30,23691.35,23692.3,23684.55,23690.6,1046078.0
2026-05-19 14:01:00+05:30,2026-05-19 14:01:00+05:30,23691.1,23710.0,23690.55,23706.15,1043097.0
2026-05-19 14:02:00+05:30,2026-05-19 14:02:00+05:30,23706.8,23706.8,23697.1,23698.45,713647.0
2026-05-19 14:03:00+05:30,2026-05-19 14:03:00+05:30,23699.2,23709.85,23697.9,23709.85,1391251.0
2026-05-19 14:04:00+05:30,2026-05-19 14:04:00+05:30,23709.45,23719.45,23709.45,23715.05,866992.0
2026-05-19 14:05:00+05:30,2026-05-19 14:05:00+05:30,23714.9,23719.5,23710.95,23712.15,762649.0
2026-05-19 14:06:00+05:30,2026-05-19 14:06:00+05:30,23713.3,23718.1,23709.1,23714.0,460759.0
2026-05-19 14:07:00+05:30,2026-05-19 14:07:00+05:30,23715.45,23715.85,23711.1,23713.9,521887.0
2026-05-19 14:08:00+05:30,2026-05-19 14:08:00+05:30,23714.55,23716.65,23707.8,23710.1,635890.0
2026-05-19 14:09:00+05:30,2026-05-19 14:09:00+05:30,23709.4,23712.1,23704.6,23705.35,756940.0
2026-05-19 14:10:00+05:30,2026-05-19 14:10:00+05:30,23706.5,23710.6,23700.7,23707.0,1109616.0
2026-05-19 14:11:00+05:30,2026-05-19 14:11:00+05:30,23708.8,23718.75,23706.65,23716.05,1169754.0
2026-05-19 14:12:00+05:30,2026-05-19 14:12:00+05:30,23718.4,23725.35,23716.4,23720.05,968458.0
2026-05-19 14:13:00+05:30,2026-05-19 14:13:00+05:30,23721.5,23721.5,23703.2,23703.2,1031347.0
2026-05-19 14:14:00+05:30,2026-05-19 14:14:00+05:30,23704.5,23717.75,23702.4,23717.5,855358.0
2026-05-19 14:15:00+05:30,2026-05-19 14:15:00+05:30,23717.35,23726.85,23716.0,23725.35,789189.0
2026-05-19 14:16:00+05:30,2026-05-19 14:16:00+05:30,23726.5,23728.3,23720.05,23722.95,622547.0
2026-05-19 14:17:00+05:30,2026-05-19 14:17:00+05:30,23723.55,23736.55,23722.15,23729.55,1077312.0
2026-05-19 14:18:00+05:30,2026-05-19 14:18:00+05:30,23729.05,23730.35,23722.55,23722.6,933663.0
2026-05-19 14:19:00+05:30,2026-05-19 14:19:00+05:30,23724.05,23725.3,23715.4,23715.85,1112621.0
2026-05-19 14:20:00+05:30,2026-05-19 14:20:00+05:30,23716.2,23722.6,23712.55,23722.4,980415.0
2026-05-19 14:21:00+05:30,2026-05-19 14:21:00+05:30,23722.05,23726.95,23719.75,23721.45,960943.0
2026-05-19 14:22:00+05:30,2026-05-19 14:22:00+05:30,23721.7,23722.0,23699.7,23705.55,906427.0
2026-05-19 14:23:00+05:30,2026-05-19 14:23:00+05:30,23707.3,23710.65,23703.1,23710.35,979304.0
2026-05-19 14:24:00+05:30,2026-05-19 14:24:00+05:30,23709.25,23715.75,23708.1,23710.15,934589.0
2026-05-19 14:25:00+05:30,2026-05-19 14:25:00+05:30,23711.35,23711.35,23701.35,23708.75,1111146.0
2026-05-19 14:26:00+05:30,2026-05-19 14:26:00+05:30,23710.6,23717.8,23705.6,23717.3,1313227.0
2026-05-19 14:27:00+05:30,2026-05-19 14:27:00+05:30,23717.8,23718.45,23708.2,23712.9,1095697.0
2026-05-19 14:28:00+05:30,2026-05-19 14:28:00+05:30,23713.8,23714.35,23706.7,23706.8,751826.0
2026-05-19 14:29:00+05:30,2026-05-19 14:29:00+05:30,23709.65,23709.65,23703.0,23703.15,690117.0
2026-05-19 14:30:00+05:30,2026-05-19 14:30:00+05:30,23704.45,23705.3,23699.15,23703.1,1017809.0
2026-05-19 14:31:00+05:30,2026-05-19 14:31:00+05:30,23704.3,23704.3,23694.75,23700.4,1232164.0
2026-05-19 14:32:00+05:30,2026-05-19 14:32:00+05:30,23701.05,23701.05,23696.15,23696.95,709093.0
2026-05-19 14:33:00+05:30,2026-05-19 14:33:00+05:30,23698.15,23698.15,23690.2,23692.05,1166226.0
2026-05-19 14:34:00+05:30,2026-05-19 14:34:00+05:30,23693.2,23701.55,23691.45,23701.2,1216223.0
2026-05-19 14:35:00+05:30,2026-05-19 14:35:00+05:30,23701.1,23701.65,23682.95,23685.6,1513644.0
2026-05-19 14:36:00+05:30,2026-05-19 14:36:00+05:30,23687.4,23689.4,23683.25,23684.0,1007733.0
2026-05-19 14:37:00+05:30,2026-05-19 14:37:00+05:30,23686.25,23686.25,23672.25,23684.7,1609818.0
2026-05-19 14:38:00+05:30,2026-05-19 14:38:00+05:30,23685.85,23686.2,23681.65,23683.65,543844.0
2026-05-19 14:39:00+05:30,2026-05-19 14:39:00+05:30,23684.85,23688.65,23680.1,23682.0,913817.0
2026-05-19 14:40:00+05:30,2026-05-19 14:40:00+05:30,23682.05,23687.4,23677.0,23687.4,1070501.0
2026-05-19 14:41:00+05:30,2026-05-19 14:41:00+05:30,23686.05,23691.35,23685.1,23685.5,979496.0
2026-05-19 14:42:00+05:30,2026-05-19 14:42:00+05:30,23686.35,23686.35,23670.3,23675.45,1002245.0
2026-05-19 14:43:00+05:30,2026-05-19 14:43:00+05:30,23677.3,23677.3,23659.65,23664.05,1323598.0
2026-05-19 14:44:00+05:30,2026-05-19 14:44:00+05:30,23664.65,23664.95,23649.0,23657.2,1272236.0
2026-05-19 14:45:00+05:30,2026-05-19 14:45:00+05:30,23657.4,23657.75,23637.25,23640.05,1400048.0
2026-05-19 14:46:00+05:30,2026-05-19 14:46:00+05:30,23641.25,23643.65,23632.35,23640.8,1332313.0
2026-05-19 14:47:00+05:30,2026-05-19 14:47:00+05:30,23640.05,23653.0,23640.0,23652.2,1175448.0
2026-05-19 14:48:00+05:30,2026-05-19 14:48:00+05:30,23653.45,23655.6,23646.1,23646.75,955172.0
2026-05-19 14:49:00+05:30,2026-05-19 14:49:00+05:30,23647.25,23653.25,23646.0,23653.0,920339.0
2026-05-19 14:50:00+05:30,2026-05-19 14:50:00+05:30,23653.45,23666.9,23651.9,23653.7,1428246.0
2026-05-19 14:51:00+05:30,2026-05-19 14:51:00+05:30,23654.1,23655.25,23644.55,23654.25,1140277.0
2026-05-19 14:52:00+05:30,2026-05-19 14:52:00+05:30,23654.0,23664.8,23653.45,23664.8,864090.0
2026-05-19 14:53:00+05:30,2026-05-19 14:53:00+05:30,23664.6,23665.85,23657.25,23660.05,951781.0
2026-05-19 14:54:00+05:30,2026-05-19 14:54:00+05:30,23659.0,23660.85,23646.8,23647.25,1436908.0
2026-05-19 14:55:00+05:30,2026-05-19 14:55:00+05:30,23648.5,23665.45,23646.55,23658.85,1592741.0
2026-05-19 14:56:00+05:30,2026-05-19 14:56:00+05:30,23659.75,23660.2,23646.25,23654.15,1173872.0
2026-05-19 14:57:00+05:30,2026-05-19 14:57:00+05:30,23655.3,23655.3,23648.85,23652.05,1170017.0
2026-05-19 14:58:00+05:30,2026-05-19 14:58:00+05:30,23653.4,23657.5,23649.3,23657.05,1115937.0
2026-05-19 14:59:00+05:30,2026-05-19 14:59:00+05:30,23657.8,23660.9,23653.4,23655.75,1024187.0
2026-05-19 15:00:00+05:30,2026-05-19 15:00:00+05:30,23655.15,23659.3,23648.05,23649.15,2645915.0
2026-05-19 15:01:00+05:30,2026-05-19 15:01:00+05:30,23649.2,23649.85,23632.15,23633.2,2488376.0
2026-05-19 15:02:00+05:30,2026-05-19 15:02:00+05:30,23632.5,23633.95,23626.75,23633.3,2360841.0
2026-05-19 15:03:00+05:30,2026-05-19 15:03:00+05:30,23633.5,23634.5,23623.1,23627.1,2620960.0
2026-05-19 15:04:00+05:30,2026-05-19 15:04:00+05:30,23626.7,23638.3,23624.8,23632.35,3847006.0
2026-05-19 15:05:00+05:30,2026-05-19 15:05:00+05:30,23630.55,23635.25,23624.5,23632.05,2960108.0
2026-05-19 15:06:00+05:30,2026-05-19 15:06:00+05:30,23632.5,23642.65,23627.15,23638.1,3195871.0
2026-05-19 15:07:00+05:30,2026-05-19 15:07:00+05:30,23639.5,23639.85,23628.1,23632.3,2477444.0
2026-05-19 15:08:00+05:30,2026-05-19 15:08:00+05:30,23632.25,23633.55,23628.8,23631.1,2122308.0
2026-05-19 15:09:00+05:30,2026-05-19 15:09:00+05:30,23630.8,23633.55,23625.05,23625.6,1978623.0
2026-05-19 15:10:00+05:30,2026-05-19 15:10:00+05:30,23625.95,23626.4,23613.85,23618.45,2608200.0
2026-05-19 15:11:00+05:30,2026-05-19 15:11:00+05:30,23618.15,23626.3,23608.0,23624.65,3729842.0
2026-05-19 15:12:00+05:30,2026-05-19 15:12:00+05:30,23624.05,23628.2,23617.05,23617.75,2414394.0
2026-05-19 15:13:00+05:30,2026-05-19 15:13:00+05:30,23617.3,23624.7,23617.3,23620.65,2462007.0
2026-05-19 15:14:00+05:30,2026-05-19 15:14:00+05:30,23620.95,23625.85,23620.7,23624.55,2285266.0
2026-05-19 15:15:00+05:30,2026-05-19 15:15:00+05:30,23624.4,23629.2,23617.2,23619.25,2981820.0
2026-05-19 15:16:00+05:30,2026-05-19 15:16:00+05:30,23618.65,23620.45,23600.9,23604.7,2947056.0
2026-05-19 15:17:00+05:30,2026-05-19 15:17:00+05:30,23605.0,23608.9,23602.8,23608.75,2066926.0
2026-05-19 15:18:00+05:30,2026-05-19 15:18:00+05:30,23609.0,23609.9,23606.15,23606.8,3148357.0
2026-05-19 15:19:00+05:30,2026-05-19 15:19:00+05:30,23607.15,23609.65,23604.55,23609.05,2234525.0
2026-05-19 15:20:00+05:30,2026-05-19 15:20:00+05:30,23608.2,23612.5,23607.2,23609.6,2899381.0
2026-05-19 15:21:00+05:30,2026-05-19 15:21:00+05:30,23609.7,23610.3,23596.55,23597.55,4058252.0
2026-05-19 15:22:00+05:30,2026-05-19 15:22:00+05:30,23596.95,23601.05,23595.7,23595.75,2098861.0
2026-05-19 15:23:00+05:30,2026-05-19 15:23:00+05:30,23596.0,23604.2,23595.25,23602.5,2186968.0
2026-05-19 15:24:00+05:30,2026-05-19 15:24:00+05:30,23602.65,23603.35,23592.4,23597.0,2769607.0
2026-05-19 15:25:00+05:30,2026-05-19 15:25:00+05:30,23596.85,23600.15,23587.2,23594.6,3101922.0
2026-05-19 15:26:00+05:30,2026-05-19 15:26:00+05:30,23595.2,23600.4,23593.85,23598.95,2147006.0
2026-05-19 15:27:00+05:30,2026-05-19 15:27:00+05:30,23598.95,23606.25,23597.65,23605.05,2300301.0
2026-05-19 15:28:00+05:30,2026-05-19 15:28:00+05:30,23604.35,23606.95,23602.25,23604.3,2015401.0
2026-05-19 15:29:00+05:30,2026-05-19 15:29:00+05:30,23605.65,23607.15,23598.3,23606.2,1560220.0
2026-05-19 15:30:00+05:30,2026-05-19 15:30:00+05:30,23606.2,23606.2,23606.2,23606.2,1560220.0
